title,beds_baths,pricing,address,zip_code,url,scraped_at
"Isle House 39 Bruton St, San Francisco, CA 94130",1 Bed,"$3,862+","39 Bruton St, San Francisco, CA 94130",94130,https://www.apartments.com/isle-house-san-francisco-ca/yp192jv/,
"Isle House 39 Bruton St, San Francisco, CA 94130",2 Beds,"$4,487+","39 Bruton St, San Francisco, CA 94130",94130,https://www.apartments.com/isle-house-san-francisco-ca/yp192jv/,
"Isle House 39 Bruton St, San Francisco, CA 94130",3 Beds,"$7,642","39 Bruton St, San Francisco, CA 94130",94130,https://www.apartments.com/isle-house-san-francisco-ca/yp192jv/,
"Parkmerced Apartments 3711 19th Ave, San Francisco, CA 94132",Studio,"$2,240","3711 19th Ave, San Francisco, CA 94132",94132,https://www.apartments.com/parkmerced-apartments-san-francisco-ca/26ht3d9/,
"Parkmerced Apartments 3711 19th Ave, San Francisco, CA 94132",1 Bed,"$2,550+","3711 19th Ave, San Francisco, CA 94132",94132,https://www.apartments.com/parkmerced-apartments-san-francisco-ca/26ht3d9/,
"Parkmerced Apartments 3711 19th Ave, San Francisco, CA 94132",2 Beds+,"$2,995+","3711 19th Ave, San Francisco, CA 94132",94132,https://www.apartments.com/parkmerced-apartments-san-francisco-ca/26ht3d9/,
"Channel Mission Bay 185 Channel St, San Francisco, CA 94158",Studio,"$3,860+","185 Channel St, San Francisco, CA 94158",94158,https://www.apartments.com/channel-mission-bay-san-francisco-ca/7l08vty/,
"Channel Mission Bay 185 Channel St, San Francisco, CA 94158",1 Bed,"$4,623+","185 Channel St, San Francisco, CA 94158",94158,https://www.apartments.com/channel-mission-bay-san-francisco-ca/7l08vty/,
"Channel Mission Bay 185 Channel St, San Francisco, CA 94158",2 Beds,"$6,796+","185 Channel St, San Francisco, CA 94158",94158,https://www.apartments.com/channel-mission-bay-san-francisco-ca/7l08vty/,
"The Civic 101-103 Polk St, San Francisco, CA 94102",Studio,"$2,997+","101-103 Polk St, San Francisco, CA 94102",94102,https://www.apartments.com/the-civic-san-francisco-ca/32sh4lf/,
"The Civic 101-103 Polk St, San Francisco, CA 94102",1 Bed,"$3,285+","101-103 Polk St, San Francisco, CA 94102",94102,https://www.apartments.com/the-civic-san-francisco-ca/32sh4lf/,
"The Civic 101-103 Polk St, San Francisco, CA 94102",2 Beds,"$4,253+","101-103 Polk St, San Francisco, CA 94102",94102,https://www.apartments.com/the-civic-san-francisco-ca/32sh4lf/,
"150 Van Ness 150 Van Ness Ave, San Francisco, CA 94102",Studio,"$3,200","150 Van Ness Ave, San Francisco, CA 94102",94102,https://www.apartments.com/150-van-ness-san-francisco-ca/8pdvlx3/,
"150 Van Ness 150 Van Ness Ave, San Francisco, CA 94102",1 Bed,"$3,200+","150 Van Ness Ave, San Francisco, CA 94102",94102,https://www.apartments.com/150-van-ness-san-francisco-ca/8pdvlx3/,
"150 Van Ness 150 Van Ness Ave, San Francisco, CA 94102",2 Beds+,"$4,100+","150 Van Ness Ave, San Francisco, CA 94102",94102,https://www.apartments.com/150-van-ness-san-francisco-ca/8pdvlx3/,
"HQ 1532 Harrison St, San Francisco, CA 94103",Studio,"$2,723+","1532 Harrison St, San Francisco, CA 94103",94103,https://www.apartments.com/hq-san-francisco-ca/x4k2dsm/,
"HQ 1532 Harrison St, San Francisco, CA 94103",2 Beds,"$4,235+","1532 Harrison St, San Francisco, CA 94103",94103,https://www.apartments.com/hq-san-francisco-ca/x4k2dsm/,
"TL Residences 361 Turk St, San Francisco, CA 94102",Studio,"$1,695+","361 Turk St, San Francisco, CA 94102",94102,https://www.apartments.com/tl-residences-san-francisco-ca/bpkgzbb/,
"Hanover Soma West 1140 Harrison St, San Francisco, CA 94103",Studio,"$3,414+","1140 Harrison St, San Francisco, CA 94103",94103,https://www.apartments.com/hanover-soma-west-san-francisco-ca/49rn57j/,
"Hanover Soma West 1140 Harrison St, San Francisco, CA 94103",1 Bed,"$3,853+","1140 Harrison St, San Francisco, CA 94103",94103,https://www.apartments.com/hanover-soma-west-san-francisco-ca/49rn57j/,
"Hanover Soma West 1140 Harrison St, San Francisco, CA 94103",2 Beds+,"$4,249+","1140 Harrison St, San Francisco, CA 94103",94103,https://www.apartments.com/hanover-soma-west-san-francisco-ca/49rn57j/,
"145 Leavenworth St 145 Leavenworth St, San Francisco, CA 94102",Studio,"$1,695+","145 Leavenworth St, San Francisco, CA 94102",94102,https://www.apartments.com/145-leavenworth-st-san-francisco-ca/x1sl86m/,
"Lakewood Apartments At Lake Merced 515 John Muir Dr, San Francisco, CA 94132",Studio,"$2,328","515 John Muir Dr, San Francisco, CA 94132",94132,https://www.apartments.com/lakewood-apartments-at-lake-merced-san-francisco-ca/wzzsn3h/,
"Lakewood Apartments At Lake Merced 515 John Muir Dr, San Francisco, CA 94132",1 Bed,"$2,549+","515 John Muir Dr, San Francisco, CA 94132",94132,https://www.apartments.com/lakewood-apartments-at-lake-merced-san-francisco-ca/wzzsn3h/,
"Lakewood Apartments At Lake Merced 515 John Muir Dr, San Francisco, CA 94132",2 Beds,"$3,966+","515 John Muir Dr, San Francisco, CA 94132",94132,https://www.apartments.com/lakewood-apartments-at-lake-merced-san-francisco-ca/wzzsn3h/,
"Edgewater 355 Berry St, San Francisco, CA 94158",Studio,"$4,055","355 Berry St, San Francisco, CA 94158",94158,https://www.apartments.com/edgewater-san-francisco-ca/1ybjl44/,
"Edgewater 355 Berry St, San Francisco, CA 94158",1 Bed,"$4,083+","355 Berry St, San Francisco, CA 94158",94158,https://www.apartments.com/edgewater-san-francisco-ca/1ybjl44/,
"Edgewater 355 Berry St, San Francisco, CA 94158",2 Beds,"$5,283+","355 Berry St, San Francisco, CA 94158",94158,https://www.apartments.com/edgewater-san-francisco-ca/1ybjl44/,
"2000 Post 1777 Steiner St, San Francisco, CA 94115",Studio,"$3,512+","1777 Steiner St, San Francisco, CA 94115",94115,https://www.apartments.com/2000-post-san-francisco-ca/mrb74sk/,
"2000 Post 1777 Steiner St, San Francisco, CA 94115",1 Bed,"$4,010+","1777 Steiner St, San Francisco, CA 94115",94115,https://www.apartments.com/2000-post-san-francisco-ca/mrb74sk/,
"2000 Post 1777 Steiner St, San Francisco, CA 94115",2 Beds,"$5,350+","1777 Steiner St, San Francisco, CA 94115",94115,https://www.apartments.com/2000-post-san-francisco-ca/mrb74sk/,
"NEMA 8 10th St, San Francisco, CA 94103",Studio,"$3,476+","8 10th St, San Francisco, CA 94103",94103,https://www.apartments.com/nema-san-francisco-ca/8z5g891/,
"NEMA 8 10th St, San Francisco, CA 94103",1 Bed,"$4,710+","8 10th St, San Francisco, CA 94103",94103,https://www.apartments.com/nema-san-francisco-ca/8z5g891/,
"100 Van Ness 100 Van Ness Ave, San Francisco, CA 94102",Studio,"$3,812","100 Van Ness Ave, San Francisco, CA 94102",94102,https://www.apartments.com/100-van-ness-san-francisco-ca/yv6dh0t/,
"100 Van Ness 100 Van Ness Ave, San Francisco, CA 94102",1 Bed,"$4,617+","100 Van Ness Ave, San Francisco, CA 94102",94102,https://www.apartments.com/100-van-ness-san-francisco-ca/yv6dh0t/,
"100 Van Ness 100 Van Ness Ave, San Francisco, CA 94102",2 Beds,"$6,222+","100 Van Ness Ave, San Francisco, CA 94102",94102,https://www.apartments.com/100-van-ness-san-francisco-ca/yv6dh0t/,
"388 Beale 388 Beale St, San Francisco, CA 94105",1 Bed,"$5,439+","388 Beale St, San Francisco, CA 94105",94105,https://www.apartments.com/388-beale-san-francisco-ca/bkq1ge9/,
"388 Beale 388 Beale St, San Francisco, CA 94105",2 Beds,"$6,404+","388 Beale St, San Francisco, CA 94105",94105,https://www.apartments.com/388-beale-san-francisco-ca/bkq1ge9/,
"399 Fremont 375-399 Fremont St, San Francisco, CA 94105",Studio,"$4,093+","375-399 Fremont St, San Francisco, CA 94105",94105,https://www.apartments.com/399-fremont-san-francisco-ca/vg7veyf/,
"399 Fremont 375-399 Fremont St, San Francisco, CA 94105",1 Bed,"$5,285+","375-399 Fremont St, San Francisco, CA 94105",94105,https://www.apartments.com/399-fremont-san-francisco-ca/vg7veyf/,
"399 Fremont 375-399 Fremont St, San Francisco, CA 94105",2 Beds,"$6,791+","375-399 Fremont St, San Francisco, CA 94105",94105,https://www.apartments.com/399-fremont-san-francisco-ca/vg7veyf/,
"Westlake Apartments 331 Park Plaza Dr, Daly City, CA 94015",Studio,"$1,980+","331 Park Plaza Dr, Daly City, CA 94015",94015,https://www.apartments.com/westlake-apartments-daly-city-ca/d23sjpl/,
"Westlake Apartments 331 Park Plaza Dr, Daly City, CA 94015",1 Bed,"$2,169+","331 Park Plaza Dr, Daly City, CA 94015",94015,https://www.apartments.com/westlake-apartments-daly-city-ca/d23sjpl/,
"Westlake Apartments 331 Park Plaza Dr, Daly City, CA 94015",2 Beds+,"$3,360+","331 Park Plaza Dr, Daly City, CA 94015",94015,https://www.apartments.com/westlake-apartments-daly-city-ca/d23sjpl/,
"Prism 1028 Market St, San Francisco, CA 94102",Studio,"$2,596+","1028 Market St, San Francisco, CA 94102",94102,https://www.apartments.com/prism-san-francisco-ca/f6w4p9t/,
"Prism 1028 Market St, San Francisco, CA 94102",1 Bed,"$3,390+","1028 Market St, San Francisco, CA 94102",94102,https://www.apartments.com/prism-san-francisco-ca/f6w4p9t/,
"Prism 1028 Market St, San Francisco, CA 94102",2 Beds,"$3,675+","1028 Market St, San Francisco, CA 94102",94102,https://www.apartments.com/prism-san-francisco-ca/f6w4p9t/,
"Solaire 299 Fremont St, San Francisco, CA 94105",Studio,"$4,390+","299 Fremont St, San Francisco, CA 94105",94105,https://www.apartments.com/solaire-san-francisco-ca/ts39px9/,
"Solaire 299 Fremont St, San Francisco, CA 94105",1 Bed,"$5,088+","299 Fremont St, San Francisco, CA 94105",94105,https://www.apartments.com/solaire-san-francisco-ca/ts39px9/,
"Solaire 299 Fremont St, San Francisco, CA 94105",2 Beds,"$6,096+","299 Fremont St, San Francisco, CA 94105",94105,https://www.apartments.com/solaire-san-francisco-ca/ts39px9/,
"1188 Mission at Trinity Place 1188 Mission St, San Francisco, CA 94103",1 Bed,"$2,845+","1188 Mission St, San Francisco, CA 94103",94103,https://www.apartments.com/1188-mission-at-trinity-place-san-francisco-ca/dm9e9kl/,
"1190 Mission at Trinity Place 1190 Mission St, San Francisco, CA 94103",1 Bed,"$2,775+","1190 Mission St, San Francisco, CA 94103",94103,https://www.apartments.com/1190-mission-at-trinity-place-san-francisco-ca/yz77zfv/,
"Jasper 45 Lansing St, San Francisco, CA 94105",Studio,"$4,720+","45 Lansing St, San Francisco, CA 94105",94105,https://www.apartments.com/jasper-san-francisco-ca/cgy0m0e/,
"Jasper 45 Lansing St, San Francisco, CA 94105",1 Bed,"$5,375+","45 Lansing St, San Francisco, CA 94105",94105,https://www.apartments.com/jasper-san-francisco-ca/cgy0m0e/,
"1177 Market at Trinity Place 1177 Market St, San Francisco, CA 94103",1 Bed,"$3,022+","1177 Market St, San Francisco, CA 94103",94103,https://www.apartments.com/1177-market-at-trinity-place-san-francisco-ca/cjkjj6g/,
"1177 Market at Trinity Place 1177 Market St, San Francisco, CA 94103",2 Beds,"$3,658+","1177 Market St, San Francisco, CA 94103",94103,https://www.apartments.com/1177-market-at-trinity-place-san-francisco-ca/cjkjj6g/,
"Alta Potrero 1301 16th St, San Francisco, CA 94103",Studio,"$3,960+","1301 16th St, San Francisco, CA 94103",94103,https://www.apartments.com/alta-potrero-san-francisco-ca/k15xrnb/,
"Alta Potrero 1301 16th St, San Francisco, CA 94103",1 Bed,"$4,690+","1301 16th St, San Francisco, CA 94103",94103,https://www.apartments.com/alta-potrero-san-francisco-ca/k15xrnb/,
"Alta Potrero 1301 16th St, San Francisco, CA 94103",2 Beds+,"$6,811+","1301 16th St, San Francisco, CA 94103",94103,https://www.apartments.com/alta-potrero-san-francisco-ca/k15xrnb/,
"Geary Courtyard 639 Geary St, San Francisco, CA 94102",Studio,"$2,270+","639 Geary St, San Francisco, CA 94102",94102,https://www.apartments.com/geary-courtyard-san-francisco-ca/kvh3nk8/,
"Geary Courtyard 639 Geary St, San Francisco, CA 94102",1 Bed,"$2,805","639 Geary St, San Francisco, CA 94102",94102,https://www.apartments.com/geary-courtyard-san-francisco-ca/kvh3nk8/,
"33 8th at Trinity Place 33 8th St, San Francisco, CA 94103",Studio,"$4,130+","33 8th St, San Francisco, CA 94103",94103,https://www.apartments.com/33-8th-at-trinity-place-san-francisco-ca/7ddw1jw/,
"33 8th at Trinity Place 33 8th St, San Francisco, CA 94103",1 Bed,"$3,346+","33 8th St, San Francisco, CA 94103",94103,https://www.apartments.com/33-8th-at-trinity-place-san-francisco-ca/7ddw1jw/,
"33 8th at Trinity Place 33 8th St, San Francisco, CA 94103",2 Beds,"$3,656+","33 8th St, San Francisco, CA 94103",94103,https://www.apartments.com/33-8th-at-trinity-place-san-francisco-ca/7ddw1jw/,
"The Fillmore Center 1475 Fillmore St, San Francisco, CA 94115",Studio,"$2,960+","1475 Fillmore St, San Francisco, CA 94115",94115,https://www.apartments.com/the-fillmore-center-san-francisco-ca/9s0ez36/,
"The Fillmore Center 1475 Fillmore St, San Francisco, CA 94115",1 Bed,"$3,607+","1475 Fillmore St, San Francisco, CA 94115",94115,https://www.apartments.com/the-fillmore-center-san-francisco-ca/9s0ez36/,
"The Fillmore Center 1475 Fillmore St, San Francisco, CA 94115",2 Beds+,"$4,902+","1475 Fillmore St, San Francisco, CA 94115",94115,https://www.apartments.com/the-fillmore-center-san-francisco-ca/9s0ez36/,
"Spera 39 Tehama St, San Francisco, CA 94105",1 Bed,"$5,079+","39 Tehama St, San Francisco, CA 94105",94105,https://www.apartments.com/spera-san-francisco-ca/eqzek7p/,
"Spera 39 Tehama St, San Francisco, CA 94105",2 Beds,"$7,908+","39 Tehama St, San Francisco, CA 94105",94105,https://www.apartments.com/spera-san-francisco-ca/eqzek7p/,
"L Seven 1222 Harrison St, San Francisco, CA 94103",Studio,"$3,017+","1222 Harrison St, San Francisco, CA 94103",94103,https://www.apartments.com/l-seven-san-francisco-ca/yjlxlwt/,
"L Seven 1222 Harrison St, San Francisco, CA 94103",1 Bed,"$3,698+","1222 Harrison St, San Francisco, CA 94103",94103,https://www.apartments.com/l-seven-san-francisco-ca/yjlxlwt/,
"L Seven 1222 Harrison St, San Francisco, CA 94103",2 Beds,"$4,740+","1222 Harrison St, San Francisco, CA 94103",94103,https://www.apartments.com/l-seven-san-francisco-ca/yjlxlwt/,
"FOUND Study San Francisco | Student Housing 16 Turk St, San Francisco, CA 94102",1 Bed,$850+,"16 Turk St, San Francisco, CA 94102",94102,https://www.apartments.com/found-study-san-francisco-student-housing-san-francisco-ca/8kb4893/,
"Quincy 555-585 Bryant St, San Francisco, CA 94107",Studio,"$4,578+","555-585 Bryant St, San Francisco, CA 94107",94107,https://www.apartments.com/quincy-san-francisco-ca/1hxf6t6/,
"Quincy 555-585 Bryant St, San Francisco, CA 94107",1 Bed,"$4,634+","555-585 Bryant St, San Francisco, CA 94107",94107,https://www.apartments.com/quincy-san-francisco-ca/1hxf6t6/,
"Quincy 555-585 Bryant St, San Francisco, CA 94107",2 Beds,"$5,697+","555-585 Bryant St, San Francisco, CA 94107",94107,https://www.apartments.com/quincy-san-francisco-ca/1hxf6t6/,
"The Fitzgerald 2095 Bryant St, San Francisco, CA 94110",1 Bed,"$4,085","2095 Bryant St, San Francisco, CA 94110",94110,https://www.apartments.com/the-fitzgerald-san-francisco-ca/hxj33g1/,
"Hawkins 77 Bruton St, San Francisco, CA 94130",Studio,"$2,368+","77 Bruton St, San Francisco, CA 94130",94130,https://www.apartments.com/hawkins-san-francisco-ca/4qh5c9k/,
"Hawkins 77 Bruton St, San Francisco, CA 94130",1 Bed,"$2,809+","77 Bruton St, San Francisco, CA 94130",94130,https://www.apartments.com/hawkins-san-francisco-ca/4qh5c9k/,
"Hawkins 77 Bruton St, San Francisco, CA 94130",2 Beds+,"$3,190+","77 Bruton St, San Francisco, CA 94130",94130,https://www.apartments.com/hawkins-san-francisco-ca/4qh5c9k/,
"Lark Landing 230 Folsom St, San Francisco, CA 94105",1 Bed,$898+,"230 Folsom St, San Francisco, CA 94105",94105,https://www.apartments.com/lark-landing-san-francisco-ca/9fet7d6/,
"Tower 737 Condominium Rentals 737 Post St, San Francisco, CA 94109",Studio,"$2,226+","737 Post St, San Francisco, CA 94109",94109,https://www.apartments.com/tower-737-condominium-rentals-san-francisco-ca/g44fkey/,
"Tower 737 Condominium Rentals 737 Post St, San Francisco, CA 94109",1 Bed,"$3,988+","737 Post St, San Francisco, CA 94109",94109,https://www.apartments.com/tower-737-condominium-rentals-san-francisco-ca/g44fkey/,
"333 Fremont 333 Fremont St, San Francisco, CA 94105",1 Bed,"$4,320+","333 Fremont St, San Francisco, CA 94105",94105,https://www.apartments.com/333-fremont-san-francisco-ca/9ew6sb7/,
"The Gateway 460 Davis Ct, San Francisco, CA 94111",Studio,"$3,387+","460 Davis Ct, San Francisco, CA 94111",94111,https://www.apartments.com/the-gateway-san-francisco-ca/cs10w0d/,
"The Gateway 460 Davis Ct, San Francisco, CA 94111",1 Bed,"$4,410+","460 Davis Ct, San Francisco, CA 94111",94111,https://www.apartments.com/the-gateway-san-francisco-ca/cs10w0d/,
"The Gateway 460 Davis Ct, San Francisco, CA 94111",2 Beds,"$5,490+","460 Davis Ct, San Francisco, CA 94111",94111,https://www.apartments.com/the-gateway-san-francisco-ca/cs10w0d/,
"The Presidio Residences 222 Halleck St, San Francisco, CA 94129",1 Bed,"$3,900+","222 Halleck St, San Francisco, CA 94129",94129,https://www.apartments.com/the-presidio-residences-san-francisco-ca/n3sbxgq/,
"The Presidio Residences 222 Halleck St, San Francisco, CA 94129",2 Beds,"$5,000+","222 Halleck St, San Francisco, CA 94129",94129,https://www.apartments.com/the-presidio-residences-san-francisco-ca/n3sbxgq/,
"The Presidio Residences 222 Halleck St, San Francisco, CA 94129",3 Beds+,"$4,725+","222 Halleck St, San Francisco, CA 94129",94129,https://www.apartments.com/the-presidio-residences-san-francisco-ca/n3sbxgq/,
"The Cornelia Suites 641 O'Farrell St, San Francisco, CA 94109",Studio,"$1,600+","641 O'Farrell St, San Francisco, CA 94109",94109,https://www.apartments.com/the-cornelia-suites-san-francisco-ca/9zsv587/,
"Pacific Place Apartments 2665 Geneva Ave, Daly City, CA 94014",2 Beds,"$3,593+","2665 Geneva Ave, Daly City, CA 94014",94014,https://www.apartments.com/pacific-place-apartments-daly-city-ca/mb68hdl/,
"The Paramount 680 Mission St, San Francisco, CA 94105",Studio,"$3,795+","680 Mission St, San Francisco, CA 94105",94105,https://www.apartments.com/the-paramount-san-francisco-ca/6gy8r5r/,
"The Paramount 680 Mission St, San Francisco, CA 94105",1 Bed,"$4,725+","680 Mission St, San Francisco, CA 94105",94105,https://www.apartments.com/the-paramount-san-francisco-ca/6gy8r5r/,
"Alchemy 200 Buchanan St, San Francisco, CA 94102",1 Bed,"$4,519+","200 Buchanan St, San Francisco, CA 94102",94102,https://www.apartments.com/alchemy-san-francisco-ca/e65245m/,
"Alchemy 200 Buchanan St, San Francisco, CA 94102",2 Beds,"$6,684+","200 Buchanan St, San Francisco, CA 94102",94102,https://www.apartments.com/alchemy-san-francisco-ca/e65245m/,
"Ventana Residences 99 Ocean Ave, San Francisco, CA 94112",1 Bed,"$3,575","99 Ocean Ave, San Francisco, CA 94112",94112,https://www.apartments.com/ventana-residences-san-francisco-ca/gyzs6ey/,
"Ventana Residences 99 Ocean Ave, San Francisco, CA 94112",2 Beds,"$4,350+","99 Ocean Ave, San Francisco, CA 94112",94112,https://www.apartments.com/ventana-residences-san-francisco-ca/gyzs6ey/,
"Towers at Rincon 88 Howard St, San Francisco, CA 94105",1 Bed,"$4,340+","88 Howard St, San Francisco, CA 94105",94105,https://www.apartments.com/towers-at-rincon-san-francisco-ca/nc2sytq/,
"Mason on Mariposa 1601 Mariposa St, San Francisco, CA 94107",Studio,"$3,900+","1601 Mariposa St, San Francisco, CA 94107",94107,https://www.apartments.com/mason-on-mariposa-san-francisco-ca/b1rlv7c/,
"Avery 450 450 Folsom St, San Francisco, CA 94105",Studio,"$4,725+","450 Folsom St, San Francisco, CA 94105",94105,https://www.apartments.com/avery-450-san-francisco-ca/d1150rk/,
"Avery 450 450 Folsom St, San Francisco, CA 94105",2 Beds,"$8,995","450 Folsom St, San Francisco, CA 94105",94105,https://www.apartments.com/avery-450-san-francisco-ca/d1150rk/,
"Fifteen Fifty 1550 Mission St, San Francisco, CA 94103",1 Bed,"$5,395+","1550 Mission St, San Francisco, CA 94103",94103,https://www.apartments.com/fifteen-fifty-san-francisco-ca/52sddxp/,
"Fifteen Fifty 1550 Mission St, San Francisco, CA 94103",2 Beds,"$6,495+","1550 Mission St, San Francisco, CA 94103",94103,https://www.apartments.com/fifteen-fifty-san-francisco-ca/52sddxp/,
"Fifteen Fifty 1550 Mission St, San Francisco, CA 94103",3 Beds,"$15,995","1550 Mission St, San Francisco, CA 94103",94103,https://www.apartments.com/fifteen-fifty-san-francisco-ca/52sddxp/,
"Vance 830 Eddy St, San Francisco, CA 94109",Studio,"$3,258+","830 Eddy St, San Francisco, CA 94109",94109,https://www.apartments.com/vance-san-francisco-ca/fzw832s/,
"Vance 830 Eddy St, San Francisco, CA 94109",1 Bed,"$5,909+","830 Eddy St, San Francisco, CA 94109",94109,https://www.apartments.com/vance-san-francisco-ca/fzw832s/,
"Vance 830 Eddy St, San Francisco, CA 94109",2 Beds,"$5,558+","830 Eddy St, San Francisco, CA 94109",94109,https://www.apartments.com/vance-san-francisco-ca/fzw832s/,
"Soma Residences 1045 Mission St, San Francisco, CA 94103",Studio,"$2,274+","1045 Mission St, San Francisco, CA 94103",94103,https://www.apartments.com/soma-residences-san-francisco-ca/f96bywv/,
"Soma Residences 1045 Mission St, San Francisco, CA 94103",1 Bed,"$2,527+","1045 Mission St, San Francisco, CA 94103",94103,https://www.apartments.com/soma-residences-san-francisco-ca/f96bywv/,
"The Sophie Maxwell Building 1212 Maryland St, San Francisco, CA 94107",Studio,"$2,183+","1212 Maryland St, San Francisco, CA 94107",94107,https://www.apartments.com/the-sophie-maxwell-building-san-francisco-ca/ge7m3jy/,
"The Sophie Maxwell Building 1212 Maryland St, San Francisco, CA 94107",1 Bed,"$3,429","1212 Maryland St, San Francisco, CA 94107",94107,https://www.apartments.com/the-sophie-maxwell-building-san-francisco-ca/ge7m3jy/,
"The Sophie Maxwell Building 1212 Maryland St, San Francisco, CA 94107",2 Beds,"$2,183+","1212 Maryland St, San Francisco, CA 94107",94107,https://www.apartments.com/the-sophie-maxwell-building-san-francisco-ca/ge7m3jy/,
"Mission Rock 365 Toni Stone Xing, San Francisco, CA 94158",Studio,"$4,200","365 Toni Stone Xing, San Francisco, CA 94158",94158,https://www.apartments.com/mission-rock-san-francisco-ca/pthneyv/,
"Mission Rock 365 Toni Stone Xing, San Francisco, CA 94158",1 Bed,"$5,700+","365 Toni Stone Xing, San Francisco, CA 94158",94158,https://www.apartments.com/mission-rock-san-francisco-ca/pthneyv/,
"Mission Rock 365 Toni Stone Xing, San Francisco, CA 94158",2 Beds,"$6,275+","365 Toni Stone Xing, San Francisco, CA 94158",94158,https://www.apartments.com/mission-rock-san-francisco-ca/pthneyv/,
"38 Dolores 38 Dolores St, San Francisco, CA 94103",3 Beds,"$10,002","38 Dolores St, San Francisco, CA 94103",94103,https://www.apartments.com/38-dolores-san-francisco-ca/s1swjl7/,
"Bayside Village 3 Bayside Village Pl, San Francisco, CA 94107",Studio,"$3,539+","3 Bayside Village Pl, San Francisco, CA 94107",94107,https://www.apartments.com/bayside-village-san-francisco-ca/1rerqb5/,
"Bayside Village 3 Bayside Village Pl, San Francisco, CA 94107",1 Bed,"$4,086+","3 Bayside Village Pl, San Francisco, CA 94107",94107,https://www.apartments.com/bayside-village-san-francisco-ca/1rerqb5/,
"Bayside Village 3 Bayside Village Pl, San Francisco, CA 94107",2 Beds,"$5,552+","3 Bayside Village Pl, San Francisco, CA 94107",94107,https://www.apartments.com/bayside-village-san-francisco-ca/1rerqb5/,
"Waterbend 5880 3rd St, San Francisco, CA 94124",1 Bed,"$3,017+","5880 3rd St, San Francisco, CA 94124",94124,https://www.apartments.com/waterbend-san-francisco-ca/l7w7epd/,
"Waterbend 5880 3rd St, San Francisco, CA 94124",2 Beds,"$4,085+","5880 3rd St, San Francisco, CA 94124",94124,https://www.apartments.com/waterbend-san-francisco-ca/l7w7epd/,
"The Brady 1 Brady St, San Francisco, CA 94103",Studio,"$3,326+","1 Brady St, San Francisco, CA 94103",94103,https://www.apartments.com/the-brady-san-francisco-ca/5eer1xp/,
"The Brady 1 Brady St, San Francisco, CA 94103",1 Bed,"$3,859+","1 Brady St, San Francisco, CA 94103",94103,https://www.apartments.com/the-brady-san-francisco-ca/5eer1xp/,
"The Brady 1 Brady St, San Francisco, CA 94103",2 Beds,"$4,912+","1 Brady St, San Francisco, CA 94103",94103,https://www.apartments.com/the-brady-san-francisco-ca/5eer1xp/,
"Warrington Apartments 775 Post St, San Francisco, CA 94109",Studio,"$2,500","775 Post St, San Francisco, CA 94109",94109,https://www.apartments.com/warrington-apartments-san-francisco-ca/14znvw5/,
"50 Jones 50 Jones St, San Francisco, CA 94102",Studio,"$2,595+","50 Jones St, San Francisco, CA 94102",94102,https://www.apartments.com/50-jones-san-francisco-ca/79rtqtx/,
"50 Jones 50 Jones St, San Francisco, CA 94102",1 Bed,"$2,854+","50 Jones St, San Francisco, CA 94102",94102,https://www.apartments.com/50-jones-san-francisco-ca/79rtqtx/,
"50 Jones 50 Jones St, San Francisco, CA 94102",2 Beds,"$3,582+","50 Jones St, San Francisco, CA 94102",94102,https://www.apartments.com/50-jones-san-francisco-ca/79rtqtx/,
"Astella 955-975 Bryant St, San Francisco, CA 94103",Studio,"$3,606+","955-975 Bryant St, San Francisco, CA 94103",94103,https://www.apartments.com/astella-san-francisco-ca/2bevhs9/,
"Astella 955-975 Bryant St, San Francisco, CA 94103",1 Bed,"$3,912+","955-975 Bryant St, San Francisco, CA 94103",94103,https://www.apartments.com/astella-san-francisco-ca/2bevhs9/,
"Astella 955-975 Bryant St, San Francisco, CA 94103",2 Beds+,"$5,371+","955-975 Bryant St, San Francisco, CA 94103",94103,https://www.apartments.com/astella-san-francisco-ca/2bevhs9/,
"1030 Post Street Apartments 1030 Post St, San Francisco, CA 94109",1 Bed,"$1,795","1030 Post St, San Francisco, CA 94109",94109,https://www.apartments.com/1030-post-street-apartments-san-francisco-ca/4g953pj/,
"272 Clara St Unit PL FL2-ID455 272 Clara St, San Francisco, CA 94107",1 Bed,"$4,980","272 Clara St, San Francisco, CA 94107",94107,https://www.apartments.com/272-clara-st-san-francisco-ca-unit-pl-fl2-id455/7ldx8rx/,
"2 Townsend St Unit PL FL2-ID28 2 Townsend St, San Francisco, CA 94107",1 Bed,"$4,800","2 Townsend St, San Francisco, CA 94107",94107,https://www.apartments.com/2-townsend-st-san-francisco-ca-unit-pl-fl2-id28/vsstt2g/,
"FOUND Study Nob Hill - Student/Intern 851 California St, San Francisco, CA 94108",1 Bed,"$1,100+","851 California St, San Francisco, CA 94108",94108,https://www.apartments.com/found-study-nob-hill-student-intern-san-francisco-ca/f2dbfxs/,
"2175 Market 2175 Market St, San Francisco, CA 94114",1 Bed,"$4,471+","2175 Market St, San Francisco, CA 94114",94114,https://www.apartments.com/2175-market-san-francisco-ca/8kg00w2/,
"Mt. Sutro Apartments 480 Warren Dr, San Francisco, CA 94131",1 Bed,"$2,995+","480 Warren Dr, San Francisco, CA 94131",94131,https://www.apartments.com/mt-sutro-apartments-san-francisco-ca/5kenhpm/,
"2120 Pacific Ave 2120 Pacific Ave, San Francisco, CA 94115",Studio,"$2,250+","2120 Pacific Ave, San Francisco, CA 94115",94115,https://www.apartments.com/2120-pacific-ave-san-francisco-ca/46mqcrl/,
"570 Hayes Street Apartments 570 Hayes St, San Francisco, CA 94102",3 Beds,"$4,900","570 Hayes St, San Francisco, CA 94102",94102,https://www.apartments.com/570-hayes-street-apartments-san-francisco-ca/nf7yfpp/,
"280 Fell Street Apartments 280 Fell St, San Francisco, CA 94102",1 Bed,"$3,300+","280 Fell St, San Francisco, CA 94102",94102,https://www.apartments.com/280-fell-street-apartments-san-francisco-ca/bgygb0c/,
"Highpoint Terrace 1888 Geneva Ave, San Francisco, CA 94134",2 Beds,"$3,700","1888 Geneva Ave, San Francisco, CA 94134",94134,https://www.apartments.com/highpoint-terrace-san-francisco-ca/g05zshw/,
"Kirkham Heights Apartments 1530-1580 5th Ave, San Francisco, CA 94122",1 Bed,"$3,000","1530-1580 5th Ave, San Francisco, CA 94122",94122,https://www.apartments.com/kirkham-heights-apartments-san-francisco-ca/9shmql5/,
"Delphine on Diamond 5285 Diamond Heights Blvd, San Francisco, CA 94131",1 Bed,"$3,717+","5285 Diamond Heights Blvd, San Francisco, CA 94131",94131,https://www.apartments.com/delphine-on-diamond-san-francisco-ca/zz5c1ly/,
"Delphine on Diamond 5285 Diamond Heights Blvd, San Francisco, CA 94131",2 Beds,"$5,554+","5285 Diamond Heights Blvd, San Francisco, CA 94131",94131,https://www.apartments.com/delphine-on-diamond-san-francisco-ca/zz5c1ly/,
"O & M 680 Indiana St, San Francisco, CA 94107",Studio,"$2,280+","680 Indiana St, San Francisco, CA 94107",94107,https://www.apartments.com/o-m-san-francisco-ca/f64bhgs/,
"O & M 680 Indiana St, San Francisco, CA 94107",1 Bed,"$3,112+","680 Indiana St, San Francisco, CA 94107",94107,https://www.apartments.com/o-m-san-francisco-ca/f64bhgs/,
"O & M 680 Indiana St, San Francisco, CA 94107",2 Beds+,"$3,634+","680 Indiana St, San Francisco, CA 94107",94107,https://www.apartments.com/o-m-san-francisco-ca/f64bhgs/,
"Ashton 301 Executive Park Blvd, San Francisco, CA 94134",1 Bed,"$3,890","301 Executive Park Blvd, San Francisco, CA 94134",94134,https://www.apartments.com/ashton-san-francisco-ca/0pvmdb0/,
"Ashton 301 Executive Park Blvd, San Francisco, CA 94134",2 Beds,"$4,837+","301 Executive Park Blvd, San Francisco, CA 94134",94134,https://www.apartments.com/ashton-san-francisco-ca/0pvmdb0/,
"Argenta 1 Polk St, San Francisco, CA 94102",1 Bed,"$3,562+","1 Polk St, San Francisco, CA 94102",94102,https://www.apartments.com/argenta-san-francisco-ca/sz62h77/,
"The Martin 2051 3rd St, San Francisco, CA 94107",Studio,"$3,937+","2051 3rd St, San Francisco, CA 94107",94107,https://www.apartments.com/the-martin-san-francisco-ca/h518yw2/,
"The Martin 2051 3rd St, San Francisco, CA 94107",2 Beds,"$6,840","2051 3rd St, San Francisco, CA 94107",94107,https://www.apartments.com/the-martin-san-francisco-ca/h518yw2/,
Northpoint Vistas San Francisco Ca,1 Bed,"$3,150+","2351 Powell St, San Francisco, CA 94133",94133,https://www.apartments.com/northpoint-vistas-san-francisco-ca/edtq6hn/,2026-04-10 23:03:06 UTC
1355 Post Street Apartments San Francisco Ca,1 Bed,"$3,150","1355 Post St, San Francisco, CA 94109",94109,https://www.apartments.com/1355-post-street-apartments-san-francisco-ca/0xxqmd2/,2026-04-10 23:03:14 UTC
1346 Pine San Francisco Ca,Studio,"$2,499+","1346 Pine St, San Francisco, CA 94109",94109,https://www.apartments.com/1346-pine-san-francisco-ca/4wp9mxk/,2026-04-10 23:03:17 UTC
1801 Mission St San Francisco Ca,2 Beds,"$3,775+","1801 Mission St, San Francisco, CA 94103",94103,https://www.apartments.com/1801-mission-st-san-francisco-ca/zk7w5fw/,2026-04-10 23:03:20 UTC
949 Post St Age 55 San Francisco Ca,Studio,"$1,545","949 Post St, San Francisco, CA 94109",94109,https://www.apartments.com/949-post-st-age-55-san-francisco-ca/3mmwhgd/,2026-04-10 23:03:23 UTC
2398 Pacific Ave San Francisco Ca,1 Bed,"$5,500","2398 Pacific Ave, San Francisco, CA 94115",94115,https://www.apartments.com/2398-pacific-ave-san-francisco-ca/4ktdbxk/,2026-04-10 23:03:26 UTC
1863 Mission St San Francisco Ca,1 Bed,"$3,080+","1863 Mission St, San Francisco, CA 94103",94103,https://www.apartments.com/1863-mission-st-san-francisco-ca/076h360/,2026-04-10 23:03:32 UTC
1863 Mission St San Francisco Ca,2 Beds,"$4,000+","1863 Mission St, San Francisco, CA 94103",94103,https://www.apartments.com/1863-mission-st-san-francisco-ca/076h360/,2026-04-10 23:03:32 UTC
The Oak Sf San Francisco Ca,Studio,"$2,825+","55 Oak St, San Francisco, CA 94102",94102,https://www.apartments.com/the-oak-sf-san-francisco-ca/223v3e9/,2026-04-10 23:03:39 UTC
The Oak Sf San Francisco Ca,1 Bed,"$3,200+","55 Oak St, San Francisco, CA 94102",94102,https://www.apartments.com/the-oak-sf-san-francisco-ca/223v3e9/,2026-04-10 23:03:39 UTC
The Oak Sf San Francisco Ca,2 Beds+,"$4,675+","55 Oak St, San Francisco, CA 94102",94102,https://www.apartments.com/the-oak-sf-san-francisco-ca/223v3e9/,2026-04-10 23:03:39 UTC
Urbanests 1080 Folsom Residences San Francisco Ca,Studio,$995+,"1080-1084 Folsom St, San Francisco, CA 94103",94103,https://www.apartments.com/urbanests-1080-folsom-residences-san-francisco-ca/39nqndd/,2026-04-10 23:03:42 UTC
Urbanests 1080 Folsom Residences San Francisco Ca,1 Bed,"$1,195+","1080-1084 Folsom St, San Francisco, CA 94103",94103,https://www.apartments.com/urbanests-1080-folsom-residences-san-francisco-ca/39nqndd/,2026-04-10 23:03:42 UTC
Urbanests 371 Columbus Avenue San Francisco Ca,Studio,$995+,"371 Columbus Ave, San Francisco, CA 94133",94133,https://www.apartments.com/urbanests-371-columbus-avenue-san-francisco-ca/ksghs2c/,2026-04-10 23:03:43 UTC
2400 Pacific Avenue Apartments San Francisco Ca,Studio,"$2,800","2400 Pacific Ave, San Francisco, CA 94115",94115,https://www.apartments.com/2400-pacific-avenue-apartments-san-francisco-ca/bdnlhe9/,2026-04-10 23:03:46 UTC
2400 Pacific Avenue Apartments San Francisco Ca,1 Bed,"$5,000","2400 Pacific Ave, San Francisco, CA 94115",94115,https://www.apartments.com/2400-pacific-avenue-apartments-san-francisco-ca/bdnlhe9/,2026-04-10 23:03:46 UTC
Sutter Street Apartments San Francisco Ca,Studio,"$1,695","1156 Sutter St, San Francisco, CA 94109",94109,https://www.apartments.com/sutter-street-apartments-san-francisco-ca/tv5x5db/,2026-04-10 23:03:49 UTC
Sutter Street Apartments San Francisco Ca,1 Bed,"$1,995","1156 Sutter St, San Francisco, CA 94109",94109,https://www.apartments.com/sutter-street-apartments-san-francisco-ca/tv5x5db/,2026-04-10 23:03:49 UTC
Urbanests 221 7Th St Residences San Francisco Ca,Studio,$595+,"221 7th St, San Francisco, CA 94103",94103,https://www.apartments.com/urbanests-221-7th-st-residences-san-francisco-ca/169n256/,2026-04-10 23:03:53 UTC
Mark Hopkins San Francisco Ca,Studio,"$2,000","1200 Sacramento St, San Francisco, CA 94108",94108,https://www.apartments.com/mark-hopkins-san-francisco-ca/r8l9h01/,2026-04-10 23:03:56 UTC
"900 Folsom St, San Francisco, CA 94107",1 Bed,"$4,470","900 Folsom St, San Francisco, CA 94107",94107,https://www.apartments.com/900-folsom-st-san-francisco-ca-unit-si-fl8-id272/h00ez40/,2026-04-10 23:04:43 UTC
"18 10th St, San Francisco, CA 94103",Studio,"$3,620","18 10th St, San Francisco, CA 94103",94103,https://www.apartments.com/18-10th-st-san-francisco-ca-unit-si-fl14-id397/c7wd01d/,2026-04-10 23:04:47 UTC
"100 Van Ness Ave, San Francisco, CA 94102",2 Beds,"$7,540","100 Van Ness Ave, San Francisco, CA 94102",94102,https://www.apartments.com/100-van-ness-ave-san-francisco-ca-unit-si-fl12-id1478/9hdz187/,2026-04-10 23:04:53 UTC
"18 10th St, San Francisco, CA 94103",Studio,"$3,650","18 10th St, San Francisco, CA 94103",94103,https://www.apartments.com/18-10th-st-san-francisco-ca-unit-si-fl8-id1315/w25wc9h/,2026-04-10 23:05:06 UTC
"18 10th St, San Francisco, CA 94103",1 Bed,"$5,961","18 10th St, San Francisco, CA 94103",94103,https://www.apartments.com/18-10th-st-san-francisco-ca-unit-si-fl18-id278481p/6wfm8dv/,2026-04-10 23:05:15 UTC
"1600 15th St, San Francisco, CA 94103",1 Bed,"$5,055","1600 15th St, San Francisco, CA 94103",94103,https://www.apartments.com/1600-15th-st-san-francisco-ca-unit-si-fl4-id354762p/mp46tjk/,2026-04-10 23:05:19 UTC
"388 Beale St, San Francisco, CA 94105",1 Bed,"$6,749","388 Beale St, San Francisco, CA 94105",94105,https://www.apartments.com/388-beale-st-san-francisco-ca-unit-si-fl9-id1009996p/wmefr7l/,2026-04-10 23:05:25 UTC
"680 Mission St, San Francisco, CA 94105",1 Bed,"$7,908","680 Mission St, San Francisco, CA 94105",94105,https://www.apartments.com/680-mission-st-san-francisco-ca-unit-si-id1039852p/j9g4rq7/,2026-04-10 23:05:38 UTC
"355 Berry St, San Francisco, CA 94158",Studio,"$4,335","355 Berry St, San Francisco, CA 94158",94158,https://www.apartments.com/355-berry-st-san-francisco-ca-unit-si-fl5-id1224042p/2bwpbm9/,2026-04-10 23:05:44 UTC
"100 Van Ness Ave, San Francisco, CA 94102",1 Bed,"$5,270","100 Van Ness Ave, San Francisco, CA 94102",94102,https://www.apartments.com/100-van-ness-ave-san-francisco-ca-unit-si-fl17-id1923/zw15rkx/,2026-04-10 23:05:48 UTC
"355 Berry St, San Francisco, CA 94158",Studio,"$5,279","355 Berry St, San Francisco, CA 94158",94158,https://www.apartments.com/355-berry-st-san-francisco-ca-unit-si-fl4-id1264837p/hj55jw2/,2026-04-10 23:05:55 UTC
"1010 Bush St, San Francisco, CA 94109",Studio,"$1,150","1010 Bush St, San Francisco, CA 94109",94109,https://www.apartments.com/1010-bush-st-san-francisco-ca-unit-128/cxhepbe/,2026-04-10 23:06:01 UTC
"1155 4th St, San Francisco, CA 94158",1 Bed,"$6,092","1155 4th St, San Francisco, CA 94158",94158,https://www.apartments.com/1155-4th-st-san-francisco-ca-unit-si-fl4-id1285297p/98z91t4/,2026-04-10 23:06:07 UTC
"1201 4th St, San Francisco, CA 94158",1 Bed,"$6,090","1201 4th St, San Francisco, CA 94158",94158,https://www.apartments.com/1201-4th-st-san-francisco-ca-unit-si-fl4-id1286657p/t9g0j68/,2026-04-10 23:06:16 UTC
"1155 4th St, San Francisco, CA 94158",1 Bed,"$6,396","1155 4th St, San Francisco, CA 94158",94158,https://www.apartments.com/1155-4th-st-san-francisco-ca-unit-si-fl3-id1295732p/5z5g47m/,2026-04-10 23:06:20 UTC
"211 Genebern Way, San Francisco, CA 94112",2 Beds,"$6,847","211 Genebern Way, San Francisco, CA 94112",94112,https://www.apartments.com/211-genebern-way-san-francisco-ca-unit-si-id1309729p/nl20v6m/,2026-04-10 23:06:26 UTC
"899 Pine St, San Francisco, CA 94108",1 Bed,"$5,260","899 Pine St, San Francisco, CA 94108",94108,https://www.apartments.com/899-pine-st-san-francisco-ca-unit-si-fl16-id430/kgwg8eb/,2026-04-10 23:11:35 UTC
"2232 North Point St, San Francisco, CA 94123",2 Beds,"$7,140","2232 North Point St, San Francisco, CA 94123",94123,https://www.apartments.com/2232-north-point-st-san-francisco-ca-unit-si-fl3-id434/h6resm2/,2026-04-10 23:11:41 UTC
"1075 Market St, San Francisco, CA 94103",1 Bed,"$3,560","1075 Market St, San Francisco, CA 94103",94103,https://www.apartments.com/1075-market-st-san-francisco-ca-unit-si-fl3-id461/dxb10gk/,2026-04-10 23:12:47 UTC
"24 Franklin St, San Francisco, CA 94102",Studio,"$3,330","24 Franklin St, San Francisco, CA 94102",94102,https://www.apartments.com/24-franklin-st-san-francisco-ca-unit-si-fl6-id111/7n8xghy/,2026-04-10 23:12:53 UTC
"899 Pine St, San Francisco, CA 94108",Studio,"$4,850","899 Pine St, San Francisco, CA 94108",94108,https://www.apartments.com/899-pine-st-san-francisco-ca-unit-si-fl8-id128/zp75dkz/,2026-04-10 23:12:59 UTC
"690 Long Bridge St, San Francisco, CA 94158",2 Beds,"$5,870","690 Long Bridge St, San Francisco, CA 94158",94158,https://www.apartments.com/690-long-bridge-st-san-francisco-ca-unit-si-fl5-id325/t3cdbsb/,2026-04-10 23:13:04 UTC
"340 Fremont St, San Francisco, CA 94105",1 Bed,"$5,590","340 Fremont St, San Francisco, CA 94105",94105,https://www.apartments.com/340-fremont-st-san-francisco-ca-unit-si-fl30-id144/19660e6/,2026-04-10 23:13:10 UTC
"340 Fremont St, San Francisco, CA 94105",1 Bed,"$6,820","340 Fremont St, San Francisco, CA 94105",94105,https://www.apartments.com/340-fremont-st-san-francisco-ca-unit-si-fl7-id156/5gqe8kp/,2026-04-10 23:13:16 UTC
"24 Franklin St, San Francisco, CA 94102",Studio,"$3,820","24 Franklin St, San Francisco, CA 94102",94102,https://www.apartments.com/24-franklin-st-san-francisco-ca-unit-si-fl5-id109/tky86m9/,2026-04-10 23:13:22 UTC
"690 Long Bridge St, San Francisco, CA 94158",2 Beds,"$8,690","690 Long Bridge St, San Francisco, CA 94158",94158,https://www.apartments.com/690-long-bridge-st-san-francisco-ca-unit-si-fl8-id142/7fz0phz/,2026-04-10 23:13:28 UTC
"1285 Sutter St, San Francisco, CA 94109",1 Bed,"$4,390","1285 Sutter St, San Francisco, CA 94109",94109,https://www.apartments.com/1285-sutter-st-san-francisco-ca-unit-si-fl6-id689/25ke2nc/,2026-04-10 23:13:33 UTC
"2290 Stockton St, San Francisco, CA 94133",1 Bed,"$3,580","2290 Stockton St, San Francisco, CA 94133",94133,https://www.apartments.com/2290-stockton-st-san-francisco-ca-unit-si-fl4-id660/qfhvspx/,2026-04-10 23:13:39 UTC
"399 Fremont St, San Francisco, CA 94105",1 Bed,"$6,760","399 Fremont St, San Francisco, CA 94105",94105,https://www.apartments.com/399-fremont-st-san-francisco-ca-unit-si-fl27-id778/y6gs2rt/,2026-04-10 23:14:45 UTC
"388 Beale St, San Francisco, CA 94105",1 Bed,"$5,180","388 Beale St, San Francisco, CA 94105",94105,https://www.apartments.com/388-beale-st-san-francisco-ca-unit-si-fl15-id775/1y1ydr7/,2026-04-10 23:14:51 UTC
"399 Fremont St, San Francisco, CA 94105",1 Bed,"$6,390","399 Fremont St, San Francisco, CA 94105",94105,https://www.apartments.com/399-fremont-st-san-francisco-ca-unit-si-fl7-id848/n6llvsp/,2026-04-10 23:14:57 UTC
"39 Tehama St, San Francisco, CA 94105",2 Beds,"$5,150","39 Tehama St, San Francisco, CA 94105",94105,https://www.apartments.com/39-tehama-st-san-francisco-ca-unit-si-fl11-id884/kxqrsdb/,2026-04-10 23:15:03 UTC
"1285 Sutter St, San Francisco, CA 94109",1 Bed,"$5,080","1285 Sutter St, San Francisco, CA 94109",94109,https://www.apartments.com/1285-sutter-st-san-francisco-ca-unit-si-fl3-id788/3rcqh2f/,2026-04-10 23:15:08 UTC
"355 Berry St, San Francisco, CA 94158",2 Beds,"$6,690","355 Berry St, San Francisco, CA 94158",94158,https://www.apartments.com/355-berry-st-san-francisco-ca-unit-si-fl4-id837/46w6xsh/,2026-04-10 23:16:15 UTC
"240 Lombard St, San Francisco, CA 94111",1 Bed,"$3,820","240 Lombard St, San Francisco, CA 94111",94111,https://www.apartments.com/240-lombard-st-san-francisco-ca-unit-si-fl2-id913/cz2480e/,2026-04-10 23:16:21 UTC
"340 Fremont St, San Francisco, CA 94105",2 Beds,"$6,730","340 Fremont St, San Francisco, CA 94105",94105,https://www.apartments.com/340-fremont-st-san-francisco-ca-unit-si-fl8-id224/5s2dd4q/,2026-04-10 23:16:27 UTC
"185 Channel St, San Francisco, CA 94158",1 Bed,"$5,860","185 Channel St, San Francisco, CA 94158",94158,https://www.apartments.com/185-channel-st-san-francisco-ca-unit-si-fl6-id772/t7hyk7c/,2026-04-10 23:16:33 UTC
"1 Brady St, San Francisco, CA 94103",Studio,"$3,530","1 Brady St, San Francisco, CA 94103",94103,https://www.apartments.com/1-brady-st-san-francisco-ca-unit-si-fl4-id1161/0pnj373/,2026-04-10 23:16:37 UTC
"1 Brady St, San Francisco, CA 94103",Studio,"$3,550","1 Brady St, San Francisco, CA 94103",94103,https://www.apartments.com/1-brady-st-san-francisco-ca-unit-si-fl4-id1163/g9cs9ex/,2026-04-10 23:16:43 UTC
"30 Otis St, San Francisco, CA 94103",2 Beds,"$7,590","30 Otis St, San Francisco, CA 94103",94103,https://www.apartments.com/30-otis-st-san-francisco-ca-unit-si-fl17-id1281/532lvtm/,2026-04-10 23:16:50 UTC
"30 Otis St, San Francisco, CA 94103",2 Beds,"$9,060","30 Otis St, San Francisco, CA 94103",94103,https://www.apartments.com/30-otis-st-san-francisco-ca-unit-si-fl19-id1282/f24223t/,2026-04-10 23:16:56 UTC
"30 Otis St, San Francisco, CA 94103",1 Bed,"$4,900","30 Otis St, San Francisco, CA 94103",94103,https://www.apartments.com/30-otis-st-san-francisco-ca-unit-si-fl6-id1275/3peny3f/,2026-04-10 23:17:02 UTC
"30 Otis St, San Francisco, CA 94103",Studio,"$4,250","30 Otis St, San Francisco, CA 94103",94103,https://www.apartments.com/30-otis-st-san-francisco-ca-unit-si-fl4-id1358/lr7rjrg/,2026-04-10 23:17:08 UTC
"2 Townsend St, San Francisco, CA 94107",1 Bed,"$4,900","2 Townsend St, San Francisco, CA 94107",94107,https://www.apartments.com/2-townsend-st-san-francisco-ca-unit-si-fl4-id1393/5m12n8q/,2026-04-10 23:18:13 UTC
"2 Townsend St, San Francisco, CA 94107",2 Beds,"$7,070","2 Townsend St, San Francisco, CA 94107",94107,https://www.apartments.com/2-townsend-st-san-francisco-ca-unit-si-fl5-id1399/tkn4fr8/,2026-04-10 23:18:19 UTC
"8 10th St, San Francisco, CA 94103",2 Beds,"$7,530","8 10th St, San Francisco, CA 94103",94103,https://www.apartments.com/8-10th-st-san-francisco-ca-unit-si-fl32-id1406/25q41mb/,2026-04-10 23:18:25 UTC
"975 Bryant St, San Francisco, CA 94103",1 Bed,"$4,810","975 Bryant St, San Francisco, CA 94103",94103,https://www.apartments.com/975-bryant-st-san-francisco-ca-unit-si-fl5-id1424/scdf837/,2026-04-10 23:18:31 UTC
"434 Minna St, San Francisco, CA 94103",1 Bed,"$4,180","434 Minna St, San Francisco, CA 94103",94103,https://www.apartments.com/434-minna-st-san-francisco-ca-unit-si-fl10-id1431/lbrz6yd/,2026-04-10 23:18:37 UTC
"434 Minna St, San Francisco, CA 94103",1 Bed,"$4,320","434 Minna St, San Francisco, CA 94103",94103,https://www.apartments.com/434-minna-st-san-francisco-ca-unit-si-fl14-id1432/7ttc6jw/,2026-04-10 23:19:43 UTC
"434 Minna St, San Francisco, CA 94103",Studio,"$2,980","434 Minna St, San Francisco, CA 94103",94103,https://www.apartments.com/434-minna-st-san-francisco-ca-unit-si-fl4-id1435/rd2frg0/,2026-04-10 23:19:48 UTC
"434 Minna St, San Francisco, CA 94103",Studio,"$3,020","434 Minna St, San Francisco, CA 94103",94103,https://www.apartments.com/434-minna-st-san-francisco-ca-unit-si-fl5-id1433/s0jnm95/,2026-04-10 23:19:54 UTC
"400 Clementina St, San Francisco, CA 94103",1 Bed,"$3,790","400 Clementina St, San Francisco, CA 94103",94103,https://www.apartments.com/400-clementina-st-san-francisco-ca-unit-si-fl7-id1449/3cxxt5e/,2026-04-10 23:20:00 UTC
"1801 Wedemeyer St, San Francisco, CA 94129",1 Bed,"$4,390","1801 Wedemeyer St, San Francisco, CA 94129",94129,https://www.apartments.com/1801-wedemeyer-st-san-francisco-ca-unit-si-fl4-id1457/370ephd/,2026-04-10 23:20:06 UTC
"1801 Wedemeyer St, San Francisco, CA 94129",1 Bed,"$3,620","1801 Wedemeyer St, San Francisco, CA 94129",94129,https://www.apartments.com/1801-wedemeyer-st-san-francisco-ca-unit-si-fl2-id1456/zmgjnjx/,2026-04-10 23:20:12 UTC
"30 Otis St, San Francisco, CA 94103",Studio,"$3,580","30 Otis St, San Francisco, CA 94103",94103,https://www.apartments.com/30-otis-st-san-francisco-ca-unit-si-fl4-id1454/t1hrtk9/,2026-04-10 23:20:17 UTC
"2255 Market St, San Francisco, CA 94114",Studio,"$2,400","2255 Market St, San Francisco, CA 94114",94114,https://www.apartments.com/2255-market-st-san-francisco-ca/8m4jlr0/,2026-04-10 23:34:06 UTC
"2903 Mission St, San Francisco, CA 94110",Studio,"$2,100","2903 Mission St, San Francisco, CA 94110",94110,https://www.apartments.com/2903-mission-st-san-francisco-ca-unit-apt-1/ferp0kv/,2026-04-10 23:34:10 UTC
"1038-1098 Larkin St, San Francisco, CA 94109",Studio,"$1,200","1038-1098 Larkin St, San Francisco, CA 94109",94109,https://www.apartments.com/1038-1098-larkin-st-san-francisco-ca/72c340z/,2026-04-10 23:34:26 UTC
"1566 Newcomb Ave, San Francisco, CA 94124",3 Beds,"$4,490","1566 Newcomb Ave, San Francisco, CA 94124",94124,https://www.apartments.com/1566-newcomb-ave-san-francisco-ca/fvjxg1t/,2026-04-10 23:34:32 UTC
"1408 Shafter Ave, San Francisco, CA 94124",1 Bed,"$2,800","1408 Shafter Ave, San Francisco, CA 94124",94124,https://www.apartments.com/1408-shafter-ave-san-francisco-ca-unit-1/5jgbt0q/,2026-04-10 23:34:38 UTC
"899 Pine St, San Francisco, CA 94108",1 Bed,"$6,750","899 Pine St, San Francisco, CA 94108",94108,https://www.apartments.com/899-pine-st-san-francisco-ca-unit-si-fl10-id1336274p/mnhlcpk/,2026-04-10 23:34:42 UTC
"185 Miriam St, Daly City, CA 94014",1 Bed,"$1,300","185 Miriam St, Daly City, CA 94014",94014,https://www.apartments.com/185-miriam-st-daly-city-ca/blldc1c/,2026-04-10 23:34:48 UTC
"756 Potrero Ave Unit Lower, San Francisco, CA 94110",1 Bed,"$2,300","756 Potrero Ave Unit Lower, San Francisco, CA 94110",94110,https://www.apartments.com/756-potrero-ave-san-francisco-ca/5lg66zn/,2026-04-10 23:34:54 UTC
"16 Victoria St Unit House, San Francisco, CA 94132",1 Bed,"$1,500","16 Victoria St Unit House, San Francisco, CA 94132",94132,https://www.apartments.com/16-victoria-st-san-francisco-ca/0wsnvb0/,2026-04-10 23:35:41 UTC
"792 Hayes St Unit 792 A Hayes St, San Francisco, CA 94102",1 Bed,"$2,800","792 Hayes St Unit 792 A Hayes St, San Francisco, CA 94102",94102,https://www.apartments.com/792-hayes-st-san-francisco-ca/pt8fb9s/,2026-04-10 23:35:49 UTC
"959 York St Unit A, San Francisco, CA 94110",2 Beds,"$3,900","959 York St Unit A, San Francisco, CA 94110",94110,https://www.apartments.com/959-york-st-san-francisco-ca/3rchrzf/,2026-04-10 23:35:55 UTC
"873 Greenwich St Unit 873 Greenwich Street, San Francisco, CA 94133",1 Bed,"$2,500","873 Greenwich St Unit 873 Greenwich Street, San Francisco, CA 94133",94133,https://www.apartments.com/873-greenwich-st-san-francisco-ca/skk6mr6/,2026-04-10 23:36:01 UTC
"1482 Innes Avenue Unit Upper Flat w Views, San Francisco, CA 94124",2 Beds,"$3,350","1482 Innes Avenue Unit Upper Flat w Views, San Francisco, CA 94124",94124,https://www.apartments.com/1482-innes-avenue-san-francisco-ca/rgkckw0/,2026-04-10 23:36:07 UTC
"1379 19th Ave Unit A, San Francisco, CA 94122",1 Bed,"$2,400","1379 19th Ave Unit A, San Francisco, CA 94122",94122,https://www.apartments.com/1379-19th-ave-san-francisco-ca/sqtcjm7/,2026-04-10 23:36:12 UTC
"1114 Montgomery St, San Francisco, CA 94133",3 Beds,"$8,500+","1114 Montgomery St, San Francisco, CA 94133",94133,https://www.apartments.com/1114-montgomery-st-san-francisco-ca/b461cq8/,2026-04-10 23:36:30 UTC
"1201 Sutter St Unit 408, San Francisco, CA 94109",2 Beds,"$7,500","1201 Sutter St Unit 408, San Francisco, CA 94109",94109,https://www.apartments.com/1201-sutter-st-san-francisco-ca/z2h3xjy/,2026-04-10 23:36:36 UTC
"15 Woodland Ave Unit Top, San Francisco, CA 94117",2 Beds,"$5,500","15 Woodland Ave Unit Top, San Francisco, CA 94117",94117,https://www.apartments.com/15-woodland-ave-san-francisco-ca/1nbn9h4/,2026-04-10 23:37:05 UTC
"3500 23rd St, San Francisco, CA 94110",1 Bed,"$1,400+","3500 23rd St, San Francisco, CA 94110",94110,https://www.apartments.com/3500-23rd-st-san-francisco-ca/0v6lwp1/,2026-04-10 23:37:22 UTC
"254 Abbot Ave Unit Apt, Daly City, CA 94014",1 Bed,"$2,500","254 Abbot Ave Unit Apt, Daly City, CA 94014",94014,https://www.apartments.com/254-abbot-ave-daly-city-ca/6h41y8v/,2026-04-10 23:37:34 UTC
"Vara 1600 15th St, San Francisco, CA 94103",Studio,"$2,769+","1600 15th St, San Francisco, CA 94103",94103,https://www.apartments.com/vara-san-francisco-ca/lwhhlfg/,2026-04-12 05:41:14 UTC
"Vara 1600 15th St, San Francisco, CA 94103",1 Bed,"$3,020+","1600 15th St, San Francisco, CA 94103",94103,https://www.apartments.com/vara-san-francisco-ca/lwhhlfg/,2026-04-12 05:41:14 UTC
"Vara 1600 15th St, San Francisco, CA 94103",3 Beds,"$5,528","1600 15th St, San Francisco, CA 94103",94103,https://www.apartments.com/vara-san-francisco-ca/lwhhlfg/,2026-04-12 05:41:14 UTC
"The Wilson 973 Market St, San Francisco, CA 94103",Studio,"$2,504","973 Market St, San Francisco, CA 94103",94103,https://www.apartments.com/the-wilson-san-francisco-ca/82c6d02/,2026-04-12 05:41:17 UTC
"The Wilson 973 Market St, San Francisco, CA 94103",1 Bed,"$2,828","973 Market St, San Francisco, CA 94103",94103,https://www.apartments.com/the-wilson-san-francisco-ca/82c6d02/,2026-04-12 05:41:17 UTC
"225 Ellis St 225 Ellis St, San Francisco, CA 94102",Studio,"$1,400+","225 Ellis St, San Francisco, CA 94102",94102,https://www.apartments.com/225-ellis-st-san-francisco-ca/03p73e1/,2026-04-12 05:41:20 UTC
"Fox Plaza 1390 Market St, San Francisco, CA 94102",Studio,"$3,187+","1390 Market St, San Francisco, CA 94102",94102,https://www.apartments.com/fox-plaza-san-francisco-ca/9ffy8k5/,2026-04-12 05:41:24 UTC
"MB360 701 China Basin St, San Francisco, CA 94158",1 Bed,"$4,499+","701 China Basin St, San Francisco, CA 94158",94158,https://www.apartments.com/mb360-san-francisco-ca/bzdysc8/,2026-04-12 05:41:27 UTC
"MB360 701 China Basin St, San Francisco, CA 94158",2 Beds,"$5,939","701 China Basin St, San Francisco, CA 94158",94158,https://www.apartments.com/mb360-san-francisco-ca/bzdysc8/,2026-04-12 05:41:27 UTC
"500 Folsom 500 Folsom St, San Francisco, CA 94105",Studio,"$4,367+","500 Folsom St, San Francisco, CA 94105",94105,https://www.apartments.com/500-folsom-san-francisco-ca/81mv0f0/,2026-04-12 05:41:30 UTC
"500 Folsom 500 Folsom St, San Francisco, CA 94105",1 Bed,"$5,247+","500 Folsom St, San Francisco, CA 94105",94105,https://www.apartments.com/500-folsom-san-francisco-ca/81mv0f0/,2026-04-12 05:41:30 UTC
"Avalon at Mission Bay 255 King St, San Francisco, CA 94107",Studio,"$3,790","255 King St, San Francisco, CA 94107",94107,https://www.apartments.com/avalon-at-mission-bay-san-francisco-ca/pxw0s0v/,2026-04-12 05:41:33 UTC
"Avalon at Mission Bay 255 King St, San Francisco, CA 94107",1 Bed,"$4,495+","255 King St, San Francisco, CA 94107",94107,https://www.apartments.com/avalon-at-mission-bay-san-francisco-ca/pxw0s0v/,2026-04-12 05:41:33 UTC
"Avalon at Mission Bay 255 King St, San Francisco, CA 94107",2 Beds,"$6,160+","255 King St, San Francisco, CA 94107",94107,https://www.apartments.com/avalon-at-mission-bay-san-francisco-ca/pxw0s0v/,2026-04-12 05:41:33 UTC
"Venn on Market 1844 Market St, San Francisco, CA 94102",1 Bed,"$4,295+","1844 Market St, San Francisco, CA 94102",94102,https://www.apartments.com/venn-on-market-san-francisco-ca/cf4h0gg/,2026-04-12 05:41:36 UTC
"Venn on Market 1844 Market St, San Francisco, CA 94102",2 Beds,"$5,502+","1844 Market St, San Francisco, CA 94102",94102,https://www.apartments.com/venn-on-market-san-francisco-ca/cf4h0gg/,2026-04-12 05:41:36 UTC
"Avalon Dogpatch 800 Indiana St, San Francisco, CA 94107",2 Beds,"$6,510+","800 Indiana St, San Francisco, CA 94107",94107,https://www.apartments.com/avalon-dogpatch-san-francisco-ca/6gtpler/,2026-04-12 05:41:39 UTC
"Sunset Towers 8 Locksley Ave, San Francisco, CA 94122",Studio,"$3,937","8 Locksley Ave, San Francisco, CA 94122",94122,https://www.apartments.com/sunset-towers-san-francisco-ca/777vxgy/,2026-04-12 05:41:42 UTC
"Sunset Towers 8 Locksley Ave, San Francisco, CA 94122",1 Bed,"$4,522+","8 Locksley Ave, San Francisco, CA 94122",94122,https://www.apartments.com/sunset-towers-san-francisco-ca/777vxgy/,2026-04-12 05:41:42 UTC
"Olume Apartments 1401 Mission St, San Francisco, CA 94103",Studio,"$2,989","1401 Mission St, San Francisco, CA 94103",94103,https://www.apartments.com/olume-apartments-san-francisco-ca/2slh0s9/,2026-04-12 05:41:42 UTC
"Olume Apartments 1401 Mission St, San Francisco, CA 94103",2 Beds,"$4,579+","1401 Mission St, San Francisco, CA 94103",94103,https://www.apartments.com/olume-apartments-san-francisco-ca/2slh0s9/,2026-04-12 05:41:42 UTC
"Brick + Iron Lofts at Dogpatch 2235 3rd St, San Francisco, CA 94107",1 Bed,"$4,164","2235 3rd St, San Francisco, CA 94107",94107,https://www.apartments.com/brick-iron-lofts-at-dogpatch-san-francisco-ca/h9qg9h3/,2026-04-12 05:41:49 UTC
"Brick + Iron Lofts at Dogpatch 2235 3rd St, San Francisco, CA 94107",2 Beds,"$5,217+","2235 3rd St, San Francisco, CA 94107",94107,https://www.apartments.com/brick-iron-lofts-at-dogpatch-san-francisco-ca/h9qg9h3/,2026-04-12 05:41:49 UTC
"SoMa Square One Saint Francis Pl, San Francisco, CA 94107",1 Bed,"$3,830+","One Saint Francis Pl, San Francisco, CA 94107",94107,https://www.apartments.com/soma-square-san-francisco-ca/8zcfk91/,2026-04-12 05:41:52 UTC
"Katsura Apartments 1881 Sutter St, San Francisco, CA 94115",1 Bed,"$3,400+","1881 Sutter St, San Francisco, CA 94115",94115,https://www.apartments.com/katsura-apartments-san-francisco-ca/vmx7tee/,2026-04-12 05:41:55 UTC
"188 Octavia 188 Octavia St, San Francisco, CA 94102",Studio,"$2,450+","188 Octavia St, San Francisco, CA 94102",94102,https://www.apartments.com/188-octavia-san-francisco-ca/zr2464w/,2026-04-12 05:41:58 UTC
"188 Octavia 188 Octavia St, San Francisco, CA 94102",2 Beds,"$3,900+","188 Octavia St, San Francisco, CA 94102",94102,https://www.apartments.com/188-octavia-san-francisco-ca/zr2464w/,2026-04-12 05:41:58 UTC
"SF House 229 Ellis St, San Francisco, CA 94102",Studio,"$1,300+","229 Ellis St, San Francisco, CA 94102",94102,https://www.apartments.com/sf-house-san-francisco-ca/tt0xekb/,2026-04-12 05:42:01 UTC
"SF House 229 Ellis St, San Francisco, CA 94102",2 Beds,"$2,400+","229 Ellis St, San Francisco, CA 94102",94102,https://www.apartments.com/sf-house-san-francisco-ca/tt0xekb/,2026-04-12 05:42:01 UTC
"Yerba Buena Commons 88 Perry St, San Francisco, CA 94107",Studio,"$1,567","88 Perry St, San Francisco, CA 94107",94107,https://www.apartments.com/yerba-buena-commons-san-francisco-ca/rc2vtt3/,2026-04-12 05:42:04 UTC
"Juniper 15 Poncetta Dr, Daly City, CA 94015",Studio,"$2,221+","15 Poncetta Dr, Daly City, CA 94015",94015,https://www.apartments.com/juniper-daly-city-ca/461e70k/,2026-04-12 05:42:07 UTC
"Juniper 15 Poncetta Dr, Daly City, CA 94015",1 Bed,"$2,326+","15 Poncetta Dr, Daly City, CA 94015",94015,https://www.apartments.com/juniper-daly-city-ca/461e70k/,2026-04-12 05:42:07 UTC
"Juniper 15 Poncetta Dr, Daly City, CA 94015",2 Beds,"$3,891+","15 Poncetta Dr, Daly City, CA 94015",94015,https://www.apartments.com/juniper-daly-city-ca/461e70k/,2026-04-12 05:42:07 UTC
"1408 31st Ave 1408 31st Ave, San Francisco, CA 94122",1 Bed,"$1,465","1408 31st Ave, San Francisco, CA 94122",94122,https://www.apartments.com/1408-31st-ave-san-francisco-ca/ztcd7sw/,2026-04-12 05:42:11 UTC
"455 Marina Blvd 455 Marina Blvd, San Francisco, CA 94123",1 Bed,"$1,800","455 Marina Blvd, San Francisco, CA 94123",94123,https://www.apartments.com/455-marina-blvd-san-francisco-ca/ljzlvxd/,2026-04-12 05:42:14 UTC
"899 Pine St Unit SI FL17-ID5 899 Pine St, San Francisco, CA 94108",Studio,"$4,500","899 Pine St, San Francisco, CA 94108",94108,https://www.apartments.com/899-pine-st-san-francisco-ca-unit-si-fl17-id5/j6xxq07/,2026-04-12 05:42:17 UTC
"900 Folsom St Unit GO FL3-ID1452 900 Folsom St, San Francisco, CA 94107",2 Beds,"$4,890","900 Folsom St, San Francisco, CA 94107",94107,https://www.apartments.com/900-folsom-st-san-francisco-ca-unit-go-fl3-id1452/pqg4xbr/,2026-04-12 05:42:20 UTC
"1395 22nd St Unit GO FL7-ID2098 1395 22nd St, San Francisco, CA 94107",1 Bed,"$5,520","1395 22nd St, San Francisco, CA 94107",94107,https://www.apartments.com/1395-22nd-st-san-francisco-ca-unit-go-fl7-id2098/dpb6c3j/,2026-04-12 05:42:23 UTC
"1288 Howard St Unit GO FL4-ID2123 1288 Howard St, San Francisco, CA 94103",2 Beds,"$5,150","1288 Howard St, San Francisco, CA 94103",94103,https://www.apartments.com/1288-howard-st-san-francisco-ca-unit-go-fl4-id2123/rd3b242/,2026-04-12 05:42:26 UTC
Marina Court Apartments San Francisco Ca,Studio,"$4,695","3445-3455 Pierce St, San Francisco, CA 94123",94123,https://www.apartments.com/marina-court-apartments-san-francisco-ca/mv4zmsj/,2026-04-12 05:54:49 UTC
Modera Rincon Hill San Francisco Ca,Studio,"$4,213+","390 1st St, San Francisco, CA 94105",94105,https://www.apartments.com/modera-rincon-hill-san-francisco-ca/b821swb/,2026-04-12 05:54:52 UTC
Modera Rincon Hill San Francisco Ca,1 Bed,"$4,579+","390 1st St, San Francisco, CA 94105",94105,https://www.apartments.com/modera-rincon-hill-san-francisco-ca/b821swb/,2026-04-12 05:54:52 UTC
Modera Rincon Hill San Francisco Ca,2 Beds,"$5,994+","390 1st St, San Francisco, CA 94105",94105,https://www.apartments.com/modera-rincon-hill-san-francisco-ca/b821swb/,2026-04-12 05:54:52 UTC
Marina Pierce Apartments San Francisco Ca,Studio,"$4,395","3330 Pierce St, San Francisco, CA 94123",94123,https://www.apartments.com/marina-pierce-apartments-san-francisco-ca/mmpe05j/,2026-04-12 05:54:55 UTC
290 Alhambra Street Apartments San Francisco Ca,1 Bed,"$4,300","290 Alhambra St, San Francisco, CA 94123",94123,https://www.apartments.com/290-alhambra-street-apartments-san-francisco-ca/0k00831/,2026-04-12 05:54:56 UTC
The Franciscan Apartments San Francisco Ca,Studio,"$3,295","2290 Francisco St, San Francisco, CA 94123",94123,https://www.apartments.com/the-franciscan-apartments-san-francisco-ca/q64ex4y/,2026-04-12 05:54:59 UTC
3345 Fillmore Street Apartments San Francisco Ca,1 Bed,"$3,150","3345 Fillmore St, San Francisco, CA 94123",94123,https://www.apartments.com/3345-fillmore-street-apartments-san-francisco-ca/d4eqxbh/,2026-04-12 05:55:02 UTC
3345 Fillmore Street Apartments San Francisco Ca,2 Beds,"$3,950+","3345 Fillmore St, San Francisco, CA 94123",94123,https://www.apartments.com/3345-fillmore-street-apartments-san-francisco-ca/d4eqxbh/,2026-04-12 05:55:02 UTC
Union Hyde Apartments San Francisco Ca,1 Bed,"$2,795","1954-1964 Hyde St, San Francisco, CA 94109",94109,https://www.apartments.com/union-hyde-apartments-san-francisco-ca/505ej2m/,2026-04-12 05:55:05 UTC
2874 16Th St San Francisco Ca,2 Beds,"$5,500","2874 16th St, San Francisco, CA 94103",94103,https://www.apartments.com/2874-16th-st-san-francisco-ca/5mw7hsn/,2026-04-12 05:55:08 UTC
2140 Pacific Avenue San Francisco Ca,2 Beds,"$8,950","2140 Pacific Ave, San Francisco, CA 94115",94115,https://www.apartments.com/2140-pacific-avenue-san-francisco-ca/ys99yft/,2026-04-12 05:55:11 UTC
4Th Avenue Apartments San Francisco Ca,1 Bed,"$3,950","590 4th Ave, San Francisco, CA 94118",94118,https://www.apartments.com/4th-avenue-apartments-san-francisco-ca/veh2dtd/,2026-04-12 05:55:17 UTC
4Th Avenue Apartments San Francisco Ca,2 Beds,"$3,950","590 4th Ave, San Francisco, CA 94118",94118,https://www.apartments.com/4th-avenue-apartments-san-francisco-ca/veh2dtd/,2026-04-12 05:55:17 UTC
555 Florida St San Francisco Ca,1 Bed,"$5,299+","555 Florida St, San Francisco, CA 94110",94110,https://www.apartments.com/555-florida-st-san-francisco-ca/rwlsdm1/,2026-04-12 05:55:20 UTC
1826 Broderick San Francisco Ca,2 Beds,"$5,199+","1826 Broderick St, San Francisco, CA 94115",94115,https://www.apartments.com/1826-broderick-san-francisco-ca/59e7yym/,2026-04-12 05:55:24 UTC
"1475 Hawes St, San Francisco, CA 94124",3 Beds,"$5,295","1475 Hawes St, San Francisco, CA 94124",94124,https://www.apartments.com/1475-hawes-st-san-francisco-ca-unit-b/835zel0/,2026-04-12 05:57:51 UTC
"140 S Van Ness Ave, San Francisco, CA 94103",1 Bed,"$2,000","140 S Van Ness Ave, San Francisco, CA 94103",94103,https://www.apartments.com/140-s-van-ness-ave-san-francisco-ca-unit-77/e17zx6m/,2026-04-12 05:57:58 UTC
"46 Calgary St, San Francisco, CA 94134",2 Beds,"$3,300","46 Calgary St, San Francisco, CA 94134",94134,https://www.apartments.com/46-calgary-st-san-francisco-ca/r8gckt0/,2026-04-12 05:58:04 UTC
"100 Van Ness Ave, San Francisco, CA 94102",2 Beds,"$9,280","100 Van Ness Ave, San Francisco, CA 94102",94102,https://www.apartments.com/100-van-ness-ave-san-francisco-ca-unit-si-fl18-id1477/vwyen5d/,2026-04-12 05:58:07 UTC
"175 Bluxome St, San Francisco, CA 94107",2 Beds,"$4,900","175 Bluxome St, San Francisco, CA 94107",94107,https://www.apartments.com/175-bluxome-st-san-francisco-ca/03s4kn3/,2026-04-12 05:58:13 UTC
"18 10th St, San Francisco, CA 94103",Studio,"$4,091","18 10th St, San Francisco, CA 94103",94103,https://www.apartments.com/18-10th-st-san-francisco-ca-unit-si-fl8-id278475p/05bksp3/,2026-04-12 05:58:19 UTC
"8 10th St, San Francisco, CA 94103",Studio,"$4,187","8 10th St, San Francisco, CA 94103",94103,https://www.apartments.com/8-10th-st-san-francisco-ca-unit-si-fl11-id372388p/sf6jkk4/,2026-04-12 05:58:25 UTC
"8 10th St, San Francisco, CA 94103",Studio,"$4,227","8 10th St, San Francisco, CA 94103",94103,https://www.apartments.com/8-10th-st-san-francisco-ca-unit-si-fl7-id372389p/9ch1q67/,2026-04-12 05:58:31 UTC
"680 Mission St, San Francisco, CA 94105",1 Bed,"$7,896","680 Mission St, San Francisco, CA 94105",94105,https://www.apartments.com/680-mission-st-san-francisco-ca-unit-si-id1039963p/1exmwv4/,2026-04-12 05:58:41 UTC
"1236 Utah St, San Francisco, CA 94110",3 Beds,"$1,200","1236 Utah St, San Francisco, CA 94110",94110,https://www.apartments.com/1236-utah-st-san-francisco-ca/6rprt3r/,2026-04-12 05:58:47 UTC
"3764 20th St, San Francisco, CA 94110",1 Bed,"$4,000","3764 20th St, San Francisco, CA 94110",94110,https://www.apartments.com/3764-20th-st-san-francisco-ca-unit-3764-20th-st/w41l8gj/,2026-04-12 05:58:56 UTC
"1107 Broadway, San Francisco, CA 94109",3 Beds,"$18,984","1107 Broadway, San Francisco, CA 94109",94109,https://www.apartments.com/1107-broadway-si-id1309749p-san-francisco-ca-unit-si-id1309749p/hgjzq31/,2026-04-12 05:59:05 UTC
"218 Monterey Blvd, San Francisco, CA 94131",2 Beds,"$3,880","218 Monterey Blvd, San Francisco, CA 94131",94131,https://www.apartments.com/218-monterey-blvd-san-francisco-ca/991vfs6/,2026-04-12 05:59:12 UTC
"640 Broadway, San Francisco, CA 94133",1 Bed,"$1,500","640 Broadway, San Francisco, CA 94133",94133,https://www.apartments.com/640-broadway-san-francisco-ca-unit-1/ektymwm/,2026-04-12 06:04:34 UTC
"2216 18th Ave, San Francisco, CA 94116",4 Beds,"$15,702","2216 18th Ave, San Francisco, CA 94116",94116,https://www.apartments.com/2216-18th-ave-san-francisco-ca-unit-si-id1369226p/g6p875y/,2026-04-12 06:04:40 UTC
"1494 19th Ave, San Francisco, CA 94122",1 Bed,"$1,450","1494 19th Ave, San Francisco, CA 94122",94122,https://www.apartments.com/1494-19th-ave-san-francisco-ca/7t8nj1w/,2026-04-12 06:04:46 UTC
"400 Clementina St, San Francisco, CA 94103",2 Beds,"$5,000","400 Clementina St, San Francisco, CA 94103",94103,https://www.apartments.com/400-clementina-st-san-francisco-ca-unit-si-fl7-id332/3v3k83f/,2026-04-12 06:04:56 UTC
"340 Fremont St, San Francisco, CA 94105",Studio,"$4,120","340 Fremont St, San Francisco, CA 94105",94105,https://www.apartments.com/340-fremont-st-san-francisco-ca-unit-si-fl6-id240/1mzhzb4/,2026-04-12 06:05:02 UTC
"1285 Sutter St, San Francisco, CA 94109",2 Beds,"$6,030","1285 Sutter St, San Francisco, CA 94109",94109,https://www.apartments.com/1285-sutter-st-san-francisco-ca-unit-si-fl10-id183/3yqkeve/,2026-04-12 06:05:11 UTC
"8 10th St, San Francisco, CA 94103",Studio,"$3,640","8 10th St, San Francisco, CA 94103",94103,https://www.apartments.com/8-10th-st-san-francisco-ca-unit-si-fl8-id351/wglqmel/,2026-04-12 06:05:17 UTC
"340 Fremont St, San Francisco, CA 94105",Studio,"$4,040","340 Fremont St, San Francisco, CA 94105",94105,https://www.apartments.com/340-fremont-st-san-francisco-ca-unit-si-fl7-id239/cfcsj2e/,2026-04-12 06:05:23 UTC
"39 Tehama St, San Francisco, CA 94105",2 Beds,"$5,400","39 Tehama St, San Francisco, CA 94105",94105,https://www.apartments.com/39-tehama-st-san-francisco-ca-unit-si-fl8-id215/zq4jqrw/,2026-04-12 06:05:27 UTC
"501 Delancey St, San Francisco, CA 94107",1 Bed,"$3,940","501 Delancey St, San Francisco, CA 94107",94107,https://www.apartments.com/501-delancey-st-san-francisco-ca-unit-si-fl2-id182/evp33nq/,2026-04-12 06:05:33 UTC
"690 Long Bridge St, San Francisco, CA 94158",1 Bed,"$6,070","690 Long Bridge St, San Francisco, CA 94158",94158,https://www.apartments.com/690-long-bridge-st-san-francisco-ca-unit-si-fl3-id25/5szc13p/,2026-04-12 06:05:39 UTC
"39 Tehama St, San Francisco, CA 94105",1 Bed,"$5,540","39 Tehama St, San Francisco, CA 94105",94105,https://www.apartments.com/39-tehama-st-san-francisco-ca-unit-si-fl10-id238/9bk72f7/,2026-04-12 06:05:45 UTC
"899 Pine St, San Francisco, CA 94108",1 Bed,"$5,190","899 Pine St, San Francisco, CA 94108",94108,https://www.apartments.com/899-pine-st-san-francisco-ca-unit-si-fl13-id85/t2ngjfb/,2026-04-12 06:05:51 UTC
"2 Townsend St, San Francisco, CA 94107",2 Beds,"$8,040","2 Townsend St, San Francisco, CA 94107",94107,https://www.apartments.com/2-townsend-st-san-francisco-ca-unit-si-fl8-id29/sknr9c6/,2026-04-12 06:05:54 UTC
"240 Lombard St, San Francisco, CA 94111",1 Bed,"$4,430","240 Lombard St, San Francisco, CA 94111",94111,https://www.apartments.com/240-lombard-st-san-francisco-ca-unit-si-fl9-id74/0x9v6g2/,2026-04-12 06:06:00 UTC
"240 Lombard St, San Francisco, CA 94111",Studio,"$3,990","240 Lombard St, San Francisco, CA 94111",94111,https://www.apartments.com/240-lombard-st-san-francisco-ca-unit-si-fl3-id38/bkmjj08/,2026-04-12 06:06:09 UTC
"246 Ritch St, San Francisco, CA 94107",Studio,"$3,000","246 Ritch St, San Francisco, CA 94107",94107,https://www.apartments.com/246-ritch-st-san-francisco-ca-unit-si-fl4-id31/63jxhxr/,2026-04-12 06:06:16 UTC
"2 Bayside Village Pl, San Francisco, CA 94107",Studio,"$3,140","2 Bayside Village Pl, San Francisco, CA 94107",94107,https://www.apartments.com/2-bayside-village-pl-san-francisco-ca-unit-si-fl4-id96/z9syt1z/,2026-04-12 06:06:19 UTC
"388 Beale St, San Francisco, CA 94105",1 Bed,"$4,960","388 Beale St, San Francisco, CA 94105",94105,https://www.apartments.com/388-beale-st-san-francisco-ca-unit-si-fl8-id56/8y4l513/,2026-04-12 06:06:25 UTC
"4 Bayside Village Pl, San Francisco, CA 94107",Studio,"$3,150","4 Bayside Village Pl, San Francisco, CA 94107",94107,https://www.apartments.com/4-bayside-village-pl-san-francisco-ca-unit-si-fl4-id90/web766k/,2026-04-12 06:06:31 UTC
"2232 North Point St, San Francisco, CA 94123",2 Beds,"$5,240","2232 North Point St, San Francisco, CA 94123",94123,https://www.apartments.com/2232-north-point-st-san-francisco-ca-unit-si-fl1-id129/d9rq2bj/,2026-04-12 06:06:37 UTC
"246 Ritch St, San Francisco, CA 94107",Studio,"$3,660","246 Ritch St, San Francisco, CA 94107",94107,https://www.apartments.com/246-ritch-st-san-francisco-ca-unit-si-fl3-id167/x4ewgrm/,2026-04-12 06:06:43 UTC
"2290 Stockton St, San Francisco, CA 94133",1 Bed,"$3,530","2290 Stockton St, San Francisco, CA 94133",94133,https://www.apartments.com/2290-stockton-st-san-francisco-ca-unit-si-fl4-id233/c3dd41g/,2026-04-12 06:06:47 UTC
"1285 Sutter St, San Francisco, CA 94109",2 Beds,"$6,200","1285 Sutter St, San Francisco, CA 94109",94109,https://www.apartments.com/1285-sutter-st-san-francisco-ca-unit-si-fl5-id283/xtbtnqq/,2026-04-12 06:06:59 UTC
"2 Bayside Village Pl, San Francisco, CA 94107",2 Beds,"$5,220","2 Bayside Village Pl, San Francisco, CA 94107",94107,https://www.apartments.com/2-bayside-village-pl-san-francisco-ca-unit-si-fl2-id321/wk91xjj/,2026-04-12 06:07:05 UTC
"8 10th St, San Francisco, CA 94103",2 Beds,"$6,890","8 10th St, San Francisco, CA 94103",94103,https://www.apartments.com/8-10th-st-san-francisco-ca-unit-si-fl32-id349/82cnxy1/,2026-04-12 06:07:11 UTC
"8 10th St, San Francisco, CA 94103",1 Bed,"$5,270","8 10th St, San Francisco, CA 94103",94103,https://www.apartments.com/8-10th-st-san-francisco-ca-unit-si-fl17-id403/jfvpjk4/,2026-04-12 06:07:14 UTC
"8 10th St, San Francisco, CA 94103",1 Bed,"$4,900","8 10th St, San Francisco, CA 94103",94103,https://www.apartments.com/8-10th-st-san-francisco-ca-unit-si-fl6-id405/dlgjw5j/,2026-04-12 06:07:20 UTC
"100 Van Ness Ave, San Francisco, CA 94102",2 Beds,"$7,250","100 Van Ness Ave, San Francisco, CA 94102",94102,https://www.apartments.com/100-van-ness-ave-san-francisco-ca-unit-si-fl3-id1479/2myfx9b/,2026-04-12 06:25:08 UTC
"601 4th St, San Francisco, CA 94107",1 Bed,"$5,910","601 4th St, San Francisco, CA 94107",94107,https://www.apartments.com/601-4th-st-san-francisco-ca-unit-si-fl1-id1523/y9wwyev/,2026-04-12 06:25:14 UTC
"650 2nd St, San Francisco, CA 94107",1 Bed,"$6,620","650 2nd St, San Francisco, CA 94107",94107,https://www.apartments.com/650-2nd-st-san-francisco-ca-unit-si-fl4-id1582/sglgmj7/,2026-04-12 06:26:18 UTC
"429 14th St, San Francisco, CA 94103",1 Bed,"$3,190","429 14th St, San Francisco, CA 94103",94103,https://www.apartments.com/429-14th-st-san-francisco-ca-unit-si-fl3-id1621/zzmmqpw/,2026-04-12 06:26:21 UTC
"355 Berry St, San Francisco, CA 94158",2 Beds,"$6,820","355 Berry St, San Francisco, CA 94158",94158,https://www.apartments.com/355-berry-st-san-francisco-ca-unit-si-fl4-id826/lypewfe/,2026-04-12 06:26:27 UTC
"140 S Van Ness Ave, San Francisco, CA 94103",2 Beds,"$5,970","140 S Van Ness Ave, San Francisco, CA 94103",94103,https://www.apartments.com/140-s-van-ness-ave-san-francisco-ca-unit-si-fl10-id1679/jtlbte4/,2026-04-12 06:26:33 UTC
"722 Palmetto Ave, San Francisco, CA 94132",1 Bed,"$2,050","722 Palmetto Ave, San Francisco, CA 94132",94132,https://www.apartments.com/722-palmetto-ave-san-francisco-ca/2ehr7gc/,2026-04-12 06:26:39 UTC
"30 Otis St, San Francisco, CA 94103",1 Bed,"$4,800","30 Otis St, San Francisco, CA 94103",94103,https://www.apartments.com/30-otis-st-san-francisco-ca-unit-si-fl9-id1716/80prws2/,2026-04-12 06:26:45 UTC
"18 10th St, San Francisco, CA 94103",1 Bed,"$5,460","18 10th St, San Francisco, CA 94103",94103,https://www.apartments.com/18-10th-st-san-francisco-ca-unit-si-fl9-id278482p/h642tk2/,2026-04-12 06:27:01 UTC
"1155 Jones St, San Francisco, CA 94109",Studio,"$4,316","1155 Jones St, San Francisco, CA 94109",94109,https://www.apartments.com/1155-jones-st-san-francisco-ca-unit-si-fl6-id379190p/04fkrf3/,2026-04-12 17:14:07 UTC
"100 Van Ness Ave, San Francisco, CA 94102",1 Bed,"$4,310","100 Van Ness Ave, San Francisco, CA 94102",94102,https://www.apartments.com/100-van-ness-ave-san-francisco-ca-unit-si-fl17-id1727/mt0662h/,2026-04-12 17:14:13 UTC
"696 De Haro St, San Francisco, CA 94103",3 Beds,"$5,470","696 De Haro St, San Francisco, CA 94103",94103,https://www.apartments.com/696-de-haro-st-san-francisco-ca/69bfzer/,2026-04-12 17:14:17 UTC
"1201 Sutter St, San Francisco, CA 94109",1 Bed,"$3,000","1201 Sutter St, San Francisco, CA 94109",94109,https://www.apartments.com/1201-sutter-st-san-francisco-ca-unit-si-fl2-id1741/495kewj/,2026-04-12 17:14:23 UTC
"185 Channel St, San Francisco, CA 94158",1 Bed,"$5,670","185 Channel St, San Francisco, CA 94158",94158,https://www.apartments.com/185-channel-st-san-francisco-ca-unit-si-fl6-id1759/cl5fcsd/,2026-04-12 17:14:29 UTC
"399 Fremont St, San Francisco, CA 94105",2 Beds,"$9,620","399 Fremont St, San Francisco, CA 94105",94105,https://www.apartments.com/399-fremont-st-san-francisco-ca-unit-si-fl18-id1795/47beg4k/,2026-04-12 17:14:35 UTC
"399 Fremont St, San Francisco, CA 94105",2 Beds,"$9,490","399 Fremont St, San Francisco, CA 94105",94105,https://www.apartments.com/399-fremont-st-san-francisco-ca-unit-si-fl10-id1796/2zbcz6b/,2026-04-12 17:14:41 UTC
"399 Fremont St, San Francisco, CA 94105",1 Bed,"$6,270","399 Fremont St, San Francisco, CA 94105",94105,https://www.apartments.com/399-fremont-st-san-francisco-ca-unit-si-fl7-id1805/jdykmp7/,2026-04-12 17:14:45 UTC
"858 Capp St, San Francisco, CA 94110",2 Beds,"$18,260","858 Capp St, San Francisco, CA 94110",94110,https://www.apartments.com/858-capp-st-san-francisco-ca-unit-si-fl0-id1794/k8rd1v9/,2026-04-12 17:14:51 UTC
"1 Bayside Village Pl, San Francisco, CA 94107",2 Beds,"$5,680","1 Bayside Village Pl, San Francisco, CA 94107",94107,https://www.apartments.com/1-bayside-village-pl-san-francisco-ca-unit-si-fl4-id1808/t401tqc/,2026-04-12 17:15:00 UTC
"185 Channel St, San Francisco, CA 94158",1 Bed,"$6,177","185 Channel St, San Francisco, CA 94158",94158,https://www.apartments.com/185-channel-st-san-francisco-ca-unit-si-fl6-id1053171p/e4t33sm/,2026-04-12 17:15:16 UTC
"355 Berry St, San Francisco, CA 94158",Studio,"$4,683","355 Berry St, San Francisco, CA 94158",94158,https://www.apartments.com/355-berry-st-san-francisco-ca-unit-si-fl4-id1224043p/5wgythq/,2026-04-12 17:15:28 UTC
"399 Fremont St, San Francisco, CA 94105",1 Bed,"$6,016","399 Fremont St, San Francisco, CA 94105",94105,https://www.apartments.com/399-fremont-st-san-francisco-ca-unit-si-fl12-id1245523p/er6kjsp/,2026-04-12 17:15:34 UTC
"1288 Howard St, San Francisco, CA 94103",1 Bed,"$4,400","1288 Howard St, San Francisco, CA 94103",94103,https://www.apartments.com/1288-howard-st-san-francisco-ca-unit-si-fl5-id1909/fr76rcs/,2026-04-12 17:15:43 UTC
"1 Brady St, San Francisco, CA 94103",1 Bed,"$6,210","1 Brady St, San Francisco, CA 94103",94103,https://www.apartments.com/1-brady-st-san-francisco-ca-unit-si-fl5-id1094329p/lcyw5ve/,2026-04-12 17:16:08 UTC
"670 5th St, San Francisco, CA 94107",1 Bed,"$7,543","670 5th St, San Francisco, CA 94107",94107,https://www.apartments.com/670-5th-st-san-francisco-ca-unit-si-id1328937p/wglw1fj/,2026-04-12 17:16:36 UTC
"101 Polk St, San Francisco, CA 94102",2 Beds,"$6,090","101 Polk St, San Francisco, CA 94102",94102,https://www.apartments.com/101-polk-st-san-francisco-ca-unit-si-fl6-id2103/qh9v1lx/,2026-04-12 17:16:42 UTC
"101 Polk St, San Francisco, CA 94102",2 Beds,"$6,440","101 Polk St, San Francisco, CA 94102",94102,https://www.apartments.com/101-polk-st-san-francisco-ca-unit-si-fl6-id2102/znwl4ey/,2026-04-12 17:16:48 UTC
"1288 Howard St, San Francisco, CA 94103",1 Bed,"$3,990","1288 Howard St, San Francisco, CA 94103",94103,https://www.apartments.com/1288-howard-st-san-francisco-ca-unit-si-fl5-id2120/c2k68cg/,2026-04-12 17:16:57 UTC
"524 37th Ave, San Francisco, CA 94121",1 Bed,"$2,200","524 37th Ave, San Francisco, CA 94121",94121,https://www.apartments.com/524-37th-ave-san-francisco-ca/k7l7l08/,2026-04-12 20:32:12 UTC
"732 16th Ave, San Francisco, CA 94118",1 Bed,"$1,275","732 16th Ave, San Francisco, CA 94118",94118,https://www.apartments.com/732-16th-ave-san-francisco-ca/jf33gn5/,2026-04-12 20:32:28 UTC
"1288 Howard St Unit PL FL5-ID2121 1288 Howard St, San Francisco, CA 94103",2 Beds,"$5,820","1288 Howard St, San Francisco, CA 94103",94103,https://www.apartments.com/1288-howard-st-san-francisco-ca-unit-pl-fl5-id2121/r1zgl80/,2026-04-15 16:54:35 UTC
"39 Tehama St Unit PL FL25-ID216 39 Tehama St, San Francisco, CA 94105",1 Bed,"$5,660","39 Tehama St, San Francisco, CA 94105",94105,https://www.apartments.com/39-tehama-st-san-francisco-ca-unit-pl-fl25-id216/k94gfx8/,2026-04-23 17:11:00 UTC
"1395 22nd St Unit PL FL7-ID2098 1395 22nd St, San Francisco, CA 94107",1 Bed,"$4,200","1395 22nd St, San Francisco, CA 94107",94107,https://www.apartments.com/1395-22nd-st-san-francisco-ca-unit-pl-fl7-id2098/dpb6c3j/,2026-04-23 17:11:03 UTC
"2 Townsend St Unit SI FL2-ID28 2 Townsend St, San Francisco, CA 94107",1 Bed,"$4,880","2 Townsend St, San Francisco, CA 94107",94107,https://www.apartments.com/2-townsend-st-san-francisco-ca-unit-si-fl2-id28/vsstt2g/,2026-04-23 17:44:32 UTC
"8 10th St Unit GO FL32-ID1406 8 10th St, San Francisco, CA 94103",2 Beds,"$7,390","8 10th St, San Francisco, CA 94103",94103,https://www.apartments.com/8-10th-st-san-francisco-ca-unit-go-fl32-id1406/25q41mb/,2026-04-23 17:44:47 UTC
"1395 22nd St Unit GO FL2-ID2099 1395 22nd St, San Francisco, CA 94107",1 Bed,"$4,650","1395 22nd St, San Francisco, CA 94107",94107,https://www.apartments.com/1395-22nd-st-san-francisco-ca-unit-go-fl2-id2099/nyb53gq/,2026-04-23 17:44:53 UTC
"1288 Howard St Unit GO FL5-ID2120 1288 Howard St, San Francisco, CA 94103",1 Bed,"$3,990","1288 Howard St, San Francisco, CA 94103",94103,https://www.apartments.com/1288-howard-st-san-francisco-ca-unit-go-fl5-id2120/c2k68cg/,2026-04-23 17:44:56 UTC
"899 Pine St Unit SI FL13-ID3 899 Pine St, San Francisco, CA 94108",1 Bed,"$5,370","899 Pine St, San Francisco, CA 94108",94108,https://www.apartments.com/899-pine-st-san-francisco-ca-unit-si-fl13-id3/dg0q4tl/,2026-04-23 17:45:02 UTC
"612 Oak St 612 Oak St, San Francisco, CA 94117",1 Bed,"$1,555","612 Oak St, San Francisco, CA 94117",94117,https://www.apartments.com/612-oak-st-san-francisco-ca/4yjlxtl/,2026-04-23 17:45:08 UTC
"2232 North Point St Unit SI FL2-ID210, San Francisco, CA 94123",2 Beds,"$6,580","2232 North Point St Unit SI FL2-ID210, San Francisco, CA 94123",94123,https://www.apartments.com/2232-north-point-st-san-francisco-ca-unit-si-fl2-id210/gld842z/,2026-04-23 17:45:14 UTC
The Franciscan Apartments Prime Marina One Block From Chestnut San Francisco Ca,1 Bed,"$5,000","2290 Francisco St, San Francisco, CA 94123",94123,https://www.apartments.com/the-franciscan-apartments-prime-marina-one-block-from-chestnut-san-francisco-ca/q64ex4y/,2026-04-23 17:46:32 UTC
Mission Bart Apartments Llc San Francisco Ca,2 Beds,"$2,995+","2834 Mission St, San Francisco, CA 94110",94110,https://www.apartments.com/mission-bart-apartments-llc-san-francisco-ca/pzm0r4t/,2026-04-23 18:10:38 UTC
"272 Clara St, San Francisco, CA 94107",1 Bed,"$5,080","272 Clara St, San Francisco, CA 94107",94107,https://www.apartments.com/272-clara-st-san-francisco-ca-unit-si-fl2-id455/7ldx8rx/,2026-04-23 18:12:30 UTC
"24 Franklin St, San Francisco, CA 94102",Studio,"$3,940","24 Franklin St, San Francisco, CA 94102",94102,https://www.apartments.com/24-franklin-st-san-francisco-ca-unit-si-fl7-id112/8en7q91/,2026-04-23 18:12:51 UTC
"1285 Sutter St, San Francisco, CA 94109",2 Beds,"$6,040","1285 Sutter St, San Francisco, CA 94109",94109,https://www.apartments.com/1285-sutter-st-san-francisco-ca-unit-si-fl9-id691/385pgcf/,2026-04-23 18:13:09 UTC
"1285 Sutter St, San Francisco, CA 94109",1 Bed,"$4,450","1285 Sutter St, San Francisco, CA 94109",94109,https://www.apartments.com/1285-sutter-st-san-francisco-ca-unit-si-fl7-id690/qzv28dw/,2026-04-23 18:13:15 UTC
