zip_code,bedrooms,bathrooms,actual_rent_usd,predicted_rent_usd,fair_rent_p10,fair_rent_p90,delta_usd,delta_pct,flag_overpriced,flag_reason,category,delta_above_p90,delta_below_p10,interval_width,request_payload,response
94015,2.0,,3891.0,3371.08,2734.56,5791.7,519.92,0.1542,False,actual_rent_above_p90,in_band,-1900.6999999999998,-1156.44,3057.14,"{'zip_code': '94015', 'bedrooms': 2.0, 'redfin_mom_pct': 0.8, 'redfin_yoy_pct': 6.9, 'actual_rent_usd': 3891.0}","{'predicted_rent_usd': 3371.08, 'fair_rent_p10': 2734.56, 'fair_rent_p90': 5791.7, 'delta_usd': 519.92, 'delta_pct': 0.1542, 'flag_overpriced': False, 'flag_reason': 'actual_rent_above_p90', 'top_shap_contributors': [{'feature': 'categorical__zip_code_94015', 'shap_contribution_log_rent': -0.209532231092453}, {'feature': 'numeric__bedrooms', 'shap_contribution_log_rent': 0.14889420568943024}, {'feature': 'numeric__bedrooms_x_census_income', 'shap_contribution_log_rent': -0.09261935949325562}, {'feature': 'numeric__census_median_income', 'shap_contribution_log_rent': -0.030912255868315697}, {'feature': 'numeric__zori_baseline', 'shap_contribution_log_rent': -0.02156280353665352}]}"
94130,2.0,2.0,5957.0,5644.68,3417.85,5883.79,312.32,0.0553,True,actual_rent_above_p90,edge_case,73.21000000000004,-2539.15,2465.94,"{'zip_code': '94130', 'bedrooms': 2.0, 'bathrooms': 2.0, 'walk_score': 50.0, 'transit_score': 33.0, 'census_median_income': 96000.0, 'census_renter_ratio': 1.0, 'census_vacancy_rate': 0.067064083457526, 'redfin_mom_pct': 0.8, 'redfin_yoy_pct': 6.9, 'bedrooms_x_census_income': 192000.0, 'walk_score_x_transit_score': 1650.0, 'actual_rent_usd': 5957.0}","{'predicted_rent_usd': 5644.68, 'fair_rent_p10': 3417.85, 'fair_rent_p90': 5883.79, 'delta_usd': 312.32, 'delta_pct': 0.0553, 'flag_overpriced': True, 'flag_reason': 'actual_rent_above_p90', 'top_shap_contributors': [{'feature': 'numeric__bathrooms', 'shap_contribution_log_rent': 0.10585441440343857}, {'feature': 'numeric__bedrooms', 'shap_contribution_log_rent': 0.08344046771526337}, {'feature': 'numeric__bedrooms_x_census_income', 'shap_contribution_log_rent': 0.07036283612251282}, {'feature': 'numeric__walk_score', 'shap_contribution_log_rent': 0.03762845695018768}, {'feature': 'categorical__zip_code_94130', 'shap_contribution_log_rent': -0.033381957560777664}]}"
94134,2.0,,4837.0,3841.13,3298.38,4835.41,995.87,0.2593,True,actual_rent_above_p90,edge_case,1.5900000000001455,-1538.62,1537.0299999999997,"{'zip_code': '94134', 'bedrooms': 2.0, 'census_median_income': 104247.0, 'census_renter_ratio': 0.3597497393117831, 'census_vacancy_rate': 0.0500609570252971, 'crime_total_month_zip_log1p_latest': 4.941642422609304, 'zori_baseline': 3811.0, 'zhvi_level': 1026990.566889845, 'zhvi_12mo_delta': 2132.5305629817303, 'redfin_mom_pct': 0.8, 'redfin_yoy_pct': 6.9, 'bedrooms_x_census_income': 208494.0, 'actual_rent_usd': 4837.0}","{'predicted_rent_usd': 3841.13, 'fair_rent_p10': 3298.38, 'fair_rent_p90': 4835.41, 'delta_usd': 995.87, 'delta_pct': 0.2593, 'flag_overpriced': True, 'flag_reason': 'actual_rent_above_p90', 'top_shap_contributors': [{'feature': 'numeric__census_renter_ratio', 'shap_contribution_log_rent': -0.12803059816360474}, {'feature': 'numeric__bedrooms', 'shap_contribution_log_rent': 0.06787927448749542}, {'feature': 'numeric__bedrooms_x_census_income', 'shap_contribution_log_rent': 0.05516694113612175}, {'feature': 'numeric__census_vacancy_rate', 'shap_contribution_log_rent': -0.04002685472369194}, {'feature': 'numeric__census_median_income', 'shap_contribution_log_rent': -0.02531496249139309}]}"
94107,2.0,,5217.0,5331.46,4154.39,6818.47,-114.46,-0.0215,False,actual_rent_above_p90,in_band,-1601.4700000000003,-1062.6099999999997,2664.08,"{'zip_code': '94107', 'bedrooms': 2.0, 'census_median_income': 176788.0, 'census_renter_ratio': 0.6416737607229389, 'census_vacancy_rate': 0.1746743771280333, 'crime_total_month_zip_log1p_latest': 5.645446897643238, 'zori_baseline': 4060.872856727696, 'zhvi_level': 967797.2316172656, 'zhvi_12mo_delta': 9986.567705748836, 'redfin_mom_pct': 0.8, 'redfin_yoy_pct': 6.9, 'bedrooms_x_census_income': 353576.0, 'actual_rent_usd': 5217.0}","{'predicted_rent_usd': 5331.46, 'fair_rent_p10': 4154.39, 'fair_rent_p90': 6818.47, 'delta_usd': -114.46, 'delta_pct': -0.0215, 'flag_overpriced': False, 'flag_reason': 'actual_rent_above_p90', 'top_shap_contributors': [{'feature': 'numeric__bedrooms_x_census_income', 'shap_contribution_log_rent': 0.15919119119644165}, {'feature': 'numeric__bedrooms', 'shap_contribution_log_rent': 0.0745665654540062}, {'feature': 'numeric__zori_baseline', 'shap_contribution_log_rent': -0.023457612842321396}, {'feature': 'numeric__census_renter_ratio', 'shap_contribution_log_rent': 0.012414195574820042}, {'feature': 'numeric__walk_score_x_transit_score', 'shap_contribution_log_rent': -0.011155921034514904}]}"
94103,1.0,,3853.0,3924.03,2844.76,5373.41,-71.03,-0.0181,False,actual_rent_above_p90,in_band,-1520.4099999999999,-1008.2399999999998,2528.6499999999996,"{'zip_code': '94103', 'bedrooms': 1.0, 'census_median_income': 111028.0, 'census_renter_ratio': 0.7951424287856071, 'census_vacancy_rate': 0.1719634521799583, 'crime_total_month_zip_log1p_latest': 6.974478911025045, 'zori_baseline': 3828.7190260858865, 'zhvi_level': 770970.7852562036, 'zhvi_12mo_delta': -18158.012119787512, 'redfin_mom_pct': 0.8, 'redfin_yoy_pct': 6.9, 'bedrooms_x_census_income': 111028.0, 'actual_rent_usd': 3853.0}","{'predicted_rent_usd': 3924.03, 'fair_rent_p10': 2844.76, 'fair_rent_p90': 5373.41, 'delta_usd': -71.03, 'delta_pct': -0.0181, 'flag_overpriced': False, 'flag_reason': 'actual_rent_above_p90', 'top_shap_contributors': [{'feature': 'numeric__bedrooms_x_census_income', 'shap_contribution_log_rent': -0.0802299827337265}, {'feature': 'numeric__census_renter_ratio', 'shap_contribution_log_rent': 0.020769456401467323}, {'feature': 'numeric__zori_baseline', 'shap_contribution_log_rent': -0.01843992993235588}, {'feature': 'numeric__walk_score_x_transit_score', 'shap_contribution_log_rent': -0.017209824174642563}, {'feature': 'numeric__census_median_income', 'shap_contribution_log_rent': -0.01526563335210085}]}"
94158,0.0,,4335.0,4224.76,3431.59,5162.2,110.24,0.0261,False,actual_rent_above_p90,in_band,-827.1999999999998,-903.4099999999999,1730.6099999999997,"{'zip_code': '94158', 'bedrooms': 0.0, 'census_median_income': 180208.0, 'census_renter_ratio': 0.6216396356365252, 'census_vacancy_rate': 0.0936367297623842, 'zori_baseline': 4743.054761904762, 'zhvi_level': 1243823.1754904094, 'zhvi_12mo_delta': 38263.75304189045, 'redfin_mom_pct': 0.8, 'redfin_yoy_pct': 6.9, 'bedrooms_x_census_income': 0.0, 'actual_rent_usd': 4335.0}","{'predicted_rent_usd': 4224.76, 'fair_rent_p10': 3431.59, 'fair_rent_p90': 5162.2, 'delta_usd': 110.24, 'delta_pct': 0.0261, 'flag_overpriced': False, 'flag_reason': 'actual_rent_above_p90', 'top_shap_contributors': [{'feature': 'numeric__bedrooms_x_census_income', 'shap_contribution_log_rent': -0.1458117961883545}, {'feature': 'numeric__zori_baseline', 'shap_contribution_log_rent': 0.08297257870435715}, {'feature': 'numeric__bedrooms', 'shap_contribution_log_rent': -0.06457759439945221}, {'feature': 'numeric__census_median_income', 'shap_contribution_log_rent': 0.05710063502192497}, {'feature': 'categorical__zip_code_94158', 'shap_contribution_log_rent': 0.035444993525743484}]}"
94103,1.0,,3020.0,3924.03,2844.76,5373.41,-904.03,-0.2304,False,actual_rent_above_p90,in_band,-2353.41,-175.23999999999978,2528.6499999999996,"{'zip_code': '94103', 'bedrooms': 1.0, 'census_median_income': 111028.0, 'census_renter_ratio': 0.7951424287856071, 'census_vacancy_rate': 0.1719634521799583, 'crime_total_month_zip_log1p_latest': 6.974478911025045, 'zori_baseline': 3828.7190260858865, 'zhvi_level': 770970.7852562036, 'zhvi_12mo_delta': -18158.012119787512, 'redfin_mom_pct': 0.8, 'redfin_yoy_pct': 6.9, 'bedrooms_x_census_income': 111028.0, 'actual_rent_usd': 3020.0}","{'predicted_rent_usd': 3924.03, 'fair_rent_p10': 2844.76, 'fair_rent_p90': 5373.41, 'delta_usd': -904.03, 'delta_pct': -0.2304, 'flag_overpriced': False, 'flag_reason': 'actual_rent_above_p90', 'top_shap_contributors': [{'feature': 'numeric__bedrooms_x_census_income', 'shap_contribution_log_rent': -0.0802299827337265}, {'feature': 'numeric__census_renter_ratio', 'shap_contribution_log_rent': 0.020769456401467323}, {'feature': 'numeric__zori_baseline', 'shap_contribution_log_rent': -0.01843992993235588}, {'feature': 'numeric__walk_score_x_transit_score', 'shap_contribution_log_rent': -0.017209824174642563}, {'feature': 'numeric__census_median_income', 'shap_contribution_log_rent': -0.01526563335210085}]}"
94107,1.0,,4086.0,4670.54,3621.68,6012.84,-584.54,-0.1252,False,actual_rent_above_p90,in_band,-1926.8400000000001,-464.32000000000016,2391.1600000000003,"{'zip_code': '94107', 'bedrooms': 1.0, 'census_median_income': 176788.0, 'census_renter_ratio': 0.6416737607229389, 'census_vacancy_rate': 0.1746743771280333, 'crime_total_month_zip_log1p_latest': 5.645446897643238, 'zori_baseline': 4060.872856727696, 'zhvi_level': 967797.2316172656, 'zhvi_12mo_delta': 9986.567705748836, 'redfin_mom_pct': 0.8, 'redfin_yoy_pct': 6.9, 'bedrooms_x_census_income': 176788.0, 'actual_rent_usd': 4086.0}","{'predicted_rent_usd': 4670.54, 'fair_rent_p10': 3621.68, 'fair_rent_p90': 6012.84, 'delta_usd': -584.54, 'delta_pct': -0.1252, 'flag_overpriced': False, 'flag_reason': 'actual_rent_above_p90', 'top_shap_contributors': [{'feature': 'numeric__bedrooms_x_census_income', 'shap_contribution_log_rent': 0.09009114652872086}, {'feature': 'numeric__zori_baseline', 'shap_contribution_log_rent': -0.02490154840052128}, {'feature': 'numeric__census_median_income', 'shap_contribution_log_rent': 0.016666589304804802}, {'feature': 'numeric__census_renter_ratio', 'shap_contribution_log_rent': 0.012816769070923328}, {'feature': 'numeric__walk_score_x_transit_score', 'shap_contribution_log_rent': -0.010491657070815563}]}"
94158,1.0,,5860.0,5566.75,4471.67,6225.23,293.25,0.0527,False,actual_rent_above_p90,in_band,-365.22999999999956,-1388.33,1753.5599999999995,"{'zip_code': '94158', 'bedrooms': 1.0, 'walk_score': 92.0, 'transit_score': 82.0, 'census_median_income': 180208.0, 'census_renter_ratio': 0.6216396356365252, 'census_vacancy_rate': 0.0936367297623842, 'zori_baseline': 4743.054761904762, 'zhvi_level': 1243823.1754904094, 'zhvi_12mo_delta': 38263.75304189045, 'redfin_mom_pct': 0.8, 'redfin_yoy_pct': 6.9, 'bedrooms_x_census_income': 180208.0, 'walk_score_x_transit_score': 7544.0, 'actual_rent_usd': 5860.0}","{'predicted_rent_usd': 5566.75, 'fair_rent_p10': 4471.67, 'fair_rent_p90': 6225.23, 'delta_usd': 293.25, 'delta_pct': 0.0527, 'flag_overpriced': False, 'flag_reason': 'actual_rent_above_p90', 'top_shap_contributors': [{'feature': 'numeric__bedrooms_x_census_income', 'shap_contribution_log_rent': 0.08824017643928528}, {'feature': 'numeric__zori_baseline', 'shap_contribution_log_rent': 0.06677275896072388}, {'feature': 'numeric__census_median_income', 'shap_contribution_log_rent': 0.042093995958566666}, {'feature': 'numeric__census_renter_ratio', 'shap_contribution_log_rent': 0.019280139356851578}, {'feature': 'numeric__walk_score', 'shap_contribution_log_rent': 0.016993273049592972}]}"
94105,1.0,,5079.0,5757.93,4639.92,6880.18,-678.93,-0.1179,False,actual_rent_above_p90,in_band,-1801.1800000000003,-439.0799999999999,2240.26,"{'zip_code': '94105', 'bedrooms': 1.0, 'census_median_income': 250001.0, 'census_renter_ratio': 0.6081932773109243, 'census_vacancy_rate': 0.1834459097244558, 'crime_total_month_zip_log1p_latest': 3.713572066704308, 'zori_baseline': 4693.540368967452, 'zhvi_level': 1050002.013901712, 'zhvi_12mo_delta': 4955.826649291324, 'redfin_mom_pct': 0.8, 'redfin_yoy_pct': 6.9, 'bedrooms_x_census_income': 250001.0, 'actual_rent_usd': 5079.0}","{'predicted_rent_usd': 5757.93, 'fair_rent_p10': 4639.92, 'fair_rent_p90': 6880.18, 'delta_usd': -678.93, 'delta_pct': -0.1179, 'flag_overpriced': False, 'flag_reason': 'actual_rent_above_p90', 'top_shap_contributors': [{'feature': 'numeric__bedrooms_x_census_income', 'shap_contribution_log_rent': 0.141576886177063}, {'feature': 'numeric__zori_baseline', 'shap_contribution_log_rent': 0.05692606419324875}, {'feature': 'numeric__census_median_income', 'shap_contribution_log_rent': 0.03422365337610245}, {'feature': 'numeric__census_vacancy_rate', 'shap_contribution_log_rent': 0.01837250590324402}, {'feature': 'numeric__census_renter_ratio', 'shap_contribution_log_rent': 0.017895039170980453}]}"
94107,2.0,,7070.0,5675.65,4165.7,7072.61,1394.35,0.2457,False,actual_rent_above_p90,edge_case,-2.6099999999996726,-2904.3,2906.91,"{'zip_code': '94107', 'bedrooms': 2.0, 'walk_score': 99.0, 'transit_score': 100.0, 'census_median_income': 176788.0, 'census_renter_ratio': 0.6416737607229389, 'census_vacancy_rate': 0.1746743771280333, 'crime_total_month_zip_log1p_latest': 5.645446897643238, 'zori_baseline': 4060.872856727696, 'zhvi_level': 967797.2316172656, 'zhvi_12mo_delta': 9986.567705748836, 'redfin_mom_pct': 0.8, 'redfin_yoy_pct': 6.9, 'bedrooms_x_census_income': 353576.0, 'walk_score_x_transit_score': 9900.0, 'actual_rent_usd': 7070.0}","{'predicted_rent_usd': 5675.65, 'fair_rent_p10': 4165.7, 'fair_rent_p90': 7072.61, 'delta_usd': 1394.35, 'delta_pct': 0.2457, 'flag_overpriced': False, 'flag_reason': 'actual_rent_above_p90', 'top_shap_contributors': [{'feature': 'numeric__bedrooms_x_census_income', 'shap_contribution_log_rent': 0.16327695548534393}, {'feature': 'numeric__walk_score_x_transit_score', 'shap_contribution_log_rent': 0.08154454827308655}, {'feature': 'numeric__bedrooms', 'shap_contribution_log_rent': 0.08047687262296677}, {'feature': 'numeric__walk_score', 'shap_contribution_log_rent': -0.025780368596315384}, {'feature': 'numeric__zori_baseline', 'shap_contribution_log_rent': -0.0205366387963295}]}"
94158,2.0,,5283.0,6151.21,5157.01,6842.49,-868.21,-0.1411,False,actual_rent_above_p90,in_band,-1559.4899999999998,-125.98999999999978,1685.4799999999996,"{'zip_code': '94158', 'bedrooms': 2.0, 'census_median_income': 180208.0, 'census_renter_ratio': 0.6216396356365252, 'census_vacancy_rate': 0.0936367297623842, 'zori_baseline': 4743.054761904762, 'zhvi_level': 1243823.1754904094, 'zhvi_12mo_delta': 38263.75304189045, 'redfin_mom_pct': 0.8, 'redfin_yoy_pct': 6.9, 'bedrooms_x_census_income': 360416.0, 'actual_rent_usd': 5283.0}","{'predicted_rent_usd': 6151.21, 'fair_rent_p10': 5157.01, 'fair_rent_p90': 6842.49, 'delta_usd': -868.21, 'delta_pct': -0.1411, 'flag_overpriced': False, 'flag_reason': 'actual_rent_above_p90', 'top_shap_contributors': [{'feature': 'numeric__bedrooms_x_census_income', 'shap_contribution_log_rent': 0.17843429744243622}, {'feature': 'numeric__bedrooms', 'shap_contribution_log_rent': 0.05933874100446701}, {'feature': 'numeric__zori_baseline', 'shap_contribution_log_rent': 0.05224983021616936}, {'feature': 'numeric__census_median_income', 'shap_contribution_log_rent': 0.035562314093112946}, {'feature': 'numeric__census_renter_ratio', 'shap_contribution_log_rent': 0.01872376911342144}]}"
94110,1.0,,4000.0,3468.57,2263.74,5157.93,531.43,0.1532,False,actual_rent_above_p90,in_band,-1157.9300000000003,-1736.2600000000002,2894.1900000000005,"{'zip_code': '94110', 'bedrooms': 1.0, 'census_median_income': 152115.0, 'census_renter_ratio': 0.592799412196914, 'census_vacancy_rate': 0.1097301717089125, 'crime_total_month_zip_log1p_latest': 6.220590170099739, 'zori_baseline': 4042.555555555556, 'zhvi_level': 1274551.419229383, 'zhvi_12mo_delta': 59808.36911981203, 'redfin_mom_pct': 0.8, 'redfin_yoy_pct': 6.9, 'bedrooms_x_census_income': 152115.0, 'actual_rent_usd': 4000.0}","{'predicted_rent_usd': 3468.57, 'fair_rent_p10': 2263.74, 'fair_rent_p90': 5157.93, 'delta_usd': 531.43, 'delta_pct': 0.1532, 'flag_overpriced': False, 'flag_reason': 'actual_rent_above_p90', 'top_shap_contributors': [{'feature': 'numeric__census_renter_ratio', 'shap_contribution_log_rent': -0.09297143667936325}, {'feature': 'numeric__bedrooms_x_census_income', 'shap_contribution_log_rent': -0.02793327532708645}, {'feature': 'numeric__zori_baseline', 'shap_contribution_log_rent': -0.025533920153975487}, {'feature': 'categorical__zip_code_94110', 'shap_contribution_log_rent': -0.024615231901407242}, {'feature': 'numeric__zhvi_level', 'shap_contribution_log_rent': -0.023780085146427155}]}"
94102,0.0,,3187.0,3094.2,2457.01,4110.97,92.8,0.03,False,actual_rent_above_p90,in_band,-923.9700000000003,-729.9899999999998,1653.96,"{'zip_code': '94102', 'bedrooms': 0.0, 'census_median_income': 62388.0, 'census_renter_ratio': 0.9117755241448164, 'census_vacancy_rate': 0.1527468613658623, 'crime_total_month_zip_log1p_latest': 6.580639137284949, 'zori_baseline': 3049.244610669575, 'zhvi_level': 698978.9984547069, 'zhvi_12mo_delta': -5486.557261618553, 'redfin_mom_pct': 0.8, 'redfin_yoy_pct': 6.9, 'bedrooms_x_census_income': 0.0, 'actual_rent_usd': 3187.0}","{'predicted_rent_usd': 3094.2, 'fair_rent_p10': 2457.01, 'fair_rent_p90': 4110.97, 'delta_usd': 92.8, 'delta_pct': 0.03, 'flag_overpriced': False, 'flag_reason': 'actual_rent_above_p90', 'top_shap_contributors': [{'feature': 'numeric__bedrooms_x_census_income', 'shap_contribution_log_rent': -0.1775101274251938}, {'feature': 'numeric__bedrooms', 'shap_contribution_log_rent': -0.10863631963729858}, {'feature': 'numeric__census_median_income', 'shap_contribution_log_rent': -0.03423153609037399}, {'feature': 'numeric__walk_score_x_transit_score', 'shap_contribution_log_rent': -0.01563098654150963}, {'feature': 'numeric__zori_baseline', 'shap_contribution_log_rent': -0.01181295420974493}]}"
94102,0.0,,3330.0,3094.2,2457.01,4110.97,235.8,0.0762,False,actual_rent_above_p90,in_band,-780.9700000000003,-872.9899999999998,1653.96,"{'zip_code': '94102', 'bedrooms': 0.0, 'census_median_income': 62388.0, 'census_renter_ratio': 0.9117755241448164, 'census_vacancy_rate': 0.1527468613658623, 'crime_total_month_zip_log1p_latest': 6.580639137284949, 'zori_baseline': 3049.244610669575, 'zhvi_level': 698978.9984547069, 'zhvi_12mo_delta': -5486.557261618553, 'redfin_mom_pct': 0.8, 'redfin_yoy_pct': 6.9, 'bedrooms_x_census_income': 0.0, 'actual_rent_usd': 3330.0}","{'predicted_rent_usd': 3094.2, 'fair_rent_p10': 2457.01, 'fair_rent_p90': 4110.97, 'delta_usd': 235.8, 'delta_pct': 0.0762, 'flag_overpriced': False, 'flag_reason': 'actual_rent_above_p90', 'top_shap_contributors': [{'feature': 'numeric__bedrooms_x_census_income', 'shap_contribution_log_rent': -0.1775101274251938}, {'feature': 'numeric__bedrooms', 'shap_contribution_log_rent': -0.10863631963729858}, {'feature': 'numeric__census_median_income', 'shap_contribution_log_rent': -0.03423153609037399}, {'feature': 'numeric__walk_score_x_transit_score', 'shap_contribution_log_rent': -0.01563098654150963}, {'feature': 'numeric__zori_baseline', 'shap_contribution_log_rent': -0.01181295420974493}]}"
94102,1.0,,3300.0,3580.54,2794.78,4908.02,-280.54,-0.0784,False,actual_rent_above_p90,in_band,-1608.0200000000004,-505.2199999999998,2113.2400000000002,"{'zip_code': '94102', 'bedrooms': 1.0, 'census_median_income': 62388.0, 'census_renter_ratio': 0.9117755241448164, 'census_vacancy_rate': 0.1527468613658623, 'crime_total_month_zip_log1p_latest': 6.580639137284949, 'zori_baseline': 3049.244610669575, 'zhvi_level': 698978.9984547069, 'zhvi_12mo_delta': -5486.557261618553, 'redfin_mom_pct': 0.8, 'redfin_yoy_pct': 6.9, 'bedrooms_x_census_income': 62388.0, 'actual_rent_usd': 3300.0}","{'predicted_rent_usd': 3580.54, 'fair_rent_p10': 2794.78, 'fair_rent_p90': 4908.02, 'delta_usd': -280.54, 'delta_pct': -0.0784, 'flag_overpriced': False, 'flag_reason': 'actual_rent_above_p90', 'top_shap_contributors': [{'feature': 'numeric__bedrooms_x_census_income', 'shap_contribution_log_rent': -0.15956750512123108}, {'feature': 'numeric__census_median_income', 'shap_contribution_log_rent': -0.02850305289030075}, {'feature': 'numeric__walk_score_x_transit_score', 'shap_contribution_log_rent': -0.017587676644325256}, {'feature': 'numeric__census_renter_ratio', 'shap_contribution_log_rent': 0.01676563359797001}, {'feature': 'numeric__crime_total_month_zip_log1p_latest', 'shap_contribution_log_rent': -0.009234432131052017}]}"
94105,2.0,,5400.0,6117.08,5179.71,6988.67,-717.08,-0.1172,False,actual_rent_above_p90,in_band,-1588.67,-220.28999999999996,1808.96,"{'zip_code': '94105', 'bedrooms': 2.0, 'census_median_income': 250001.0, 'census_renter_ratio': 0.6081932773109243, 'census_vacancy_rate': 0.1834459097244558, 'crime_total_month_zip_log1p_latest': 3.713572066704308, 'zori_baseline': 4693.540368967452, 'zhvi_level': 1050002.013901712, 'zhvi_12mo_delta': 4955.826649291324, 'redfin_mom_pct': 0.8, 'redfin_yoy_pct': 6.9, 'bedrooms_x_census_income': 500002.0, 'actual_rent_usd': 5400.0}","{'predicted_rent_usd': 6117.08, 'fair_rent_p10': 5179.71, 'fair_rent_p90': 6988.67, 'delta_usd': -717.08, 'delta_pct': -0.1172, 'flag_overpriced': False, 'flag_reason': 'actual_rent_above_p90', 'top_shap_contributors': [{'feature': 'numeric__bedrooms_x_census_income', 'shap_contribution_log_rent': 0.1716606467962265}, {'feature': 'numeric__bedrooms', 'shap_contribution_log_rent': 0.062391411513090134}, {'feature': 'numeric__zori_baseline', 'shap_contribution_log_rent': 0.04326200857758522}, {'feature': 'numeric__census_median_income', 'shap_contribution_log_rent': 0.030921386554837227}, {'feature': 'numeric__census_renter_ratio', 'shap_contribution_log_rent': 0.0192845668643713}]}"
94103,2.0,,4579.0,5344.23,3807.26,7015.6,-765.23,-0.1432,False,actual_rent_above_p90,in_band,-2436.6000000000004,-771.7399999999998,3208.34,"{'zip_code': '94103', 'bedrooms': 2.0, 'census_median_income': 111028.0, 'census_renter_ratio': 0.7951424287856071, 'census_vacancy_rate': 0.1719634521799583, 'crime_total_month_zip_log1p_latest': 6.974478911025045, 'zori_baseline': 3828.7190260858865, 'zhvi_level': 770970.7852562036, 'zhvi_12mo_delta': -18158.012119787512, 'redfin_mom_pct': 0.8, 'redfin_yoy_pct': 6.9, 'bedrooms_x_census_income': 222056.0, 'actual_rent_usd': 4579.0}","{'predicted_rent_usd': 5344.23, 'fair_rent_p10': 3807.26, 'fair_rent_p90': 7015.6, 'delta_usd': -765.23, 'delta_pct': -0.1432, 'flag_overpriced': False, 'flag_reason': 'actual_rent_above_p90', 'top_shap_contributors': [{'feature': 'numeric__bedrooms_x_census_income', 'shap_contribution_log_rent': 0.1483859121799469}, {'feature': 'numeric__bedrooms', 'shap_contribution_log_rent': 0.07641587406396866}, {'feature': 'numeric__census_renter_ratio', 'shap_contribution_log_rent': 0.018676383420825005}, {'feature': 'numeric__zori_baseline', 'shap_contribution_log_rent': -0.01795060746371746}, {'feature': 'numeric__walk_score_x_transit_score', 'shap_contribution_log_rent': -0.015167078003287315}]}"
94103,1.0,,5460.0,3924.03,2844.76,5373.41,1535.97,0.3914,True,actual_rent_above_p90,edge_case,86.59000000000015,-2615.24,2528.6499999999996,"{'zip_code': '94103', 'bedrooms': 1.0, 'census_median_income': 111028.0, 'census_renter_ratio': 0.7951424287856071, 'census_vacancy_rate': 0.1719634521799583, 'crime_total_month_zip_log1p_latest': 6.974478911025045, 'zori_baseline': 3828.7190260858865, 'zhvi_level': 770970.7852562036, 'zhvi_12mo_delta': -18158.012119787512, 'redfin_mom_pct': 0.8, 'redfin_yoy_pct': 6.9, 'bedrooms_x_census_income': 111028.0, 'actual_rent_usd': 5460.0}","{'predicted_rent_usd': 3924.03, 'fair_rent_p10': 2844.76, 'fair_rent_p90': 5373.41, 'delta_usd': 1535.97, 'delta_pct': 0.3914, 'flag_overpriced': True, 'flag_reason': 'actual_rent_above_p90', 'top_shap_contributors': [{'feature': 'numeric__bedrooms_x_census_income', 'shap_contribution_log_rent': -0.0802299827337265}, {'feature': 'numeric__census_renter_ratio', 'shap_contribution_log_rent': 0.020769456401467323}, {'feature': 'numeric__zori_baseline', 'shap_contribution_log_rent': -0.01843992993235588}, {'feature': 'numeric__walk_score_x_transit_score', 'shap_contribution_log_rent': -0.017209824174642563}, {'feature': 'numeric__census_median_income', 'shap_contribution_log_rent': -0.01526563335210085}]}"
94103,1.0,,2527.0,3924.03,2844.76,5373.41,-1397.03,-0.356,False,actual_rent_above_p90,underpriced_clear,-2846.41,317.7600000000002,2528.6499999999996,"{'zip_code': '94103', 'bedrooms': 1.0, 'census_median_income': 111028.0, 'census_renter_ratio': 0.7951424287856071, 'census_vacancy_rate': 0.1719634521799583, 'crime_total_month_zip_log1p_latest': 6.974478911025045, 'zori_baseline': 3828.7190260858865, 'zhvi_level': 770970.7852562036, 'zhvi_12mo_delta': -18158.012119787512, 'redfin_mom_pct': 0.8, 'redfin_yoy_pct': 6.9, 'bedrooms_x_census_income': 111028.0, 'actual_rent_usd': 2527.0}","{'predicted_rent_usd': 3924.03, 'fair_rent_p10': 2844.76, 'fair_rent_p90': 5373.41, 'delta_usd': -1397.03, 'delta_pct': -0.356, 'flag_overpriced': False, 'flag_reason': 'actual_rent_above_p90', 'top_shap_contributors': [{'feature': 'numeric__bedrooms_x_census_income', 'shap_contribution_log_rent': -0.0802299827337265}, {'feature': 'numeric__census_renter_ratio', 'shap_contribution_log_rent': 0.020769456401467323}, {'feature': 'numeric__zori_baseline', 'shap_contribution_log_rent': -0.01843992993235588}, {'feature': 'numeric__walk_score_x_transit_score', 'shap_contribution_log_rent': -0.017209824174642563}, {'feature': 'numeric__census_median_income', 'shap_contribution_log_rent': -0.01526563335210085}]}"
94103,1.0,,3990.0,4385.07,2858.44,5704.69,-395.07,-0.0901,False,actual_rent_above_p90,in_band,-1714.6899999999996,-1131.56,2846.2499999999995,"{'zip_code': '94103', 'bedrooms': 1.0, 'walk_score': 99.0, 'transit_score': 100.0, 'census_median_income': 111028.0, 'census_renter_ratio': 0.7951424287856071, 'census_vacancy_rate': 0.1719634521799583, 'crime_total_month_zip_log1p_latest': 6.974478911025045, 'zori_baseline': 3828.7190260858865, 'zhvi_level': 770970.7852562036, 'zhvi_12mo_delta': -18158.012119787512, 'redfin_mom_pct': 0.8, 'redfin_yoy_pct': 6.9, 'bedrooms_x_census_income': 111028.0, 'walk_score_x_transit_score': 9900.0, 'actual_rent_usd': 3990.0}","{'predicted_rent_usd': 4385.07, 'fair_rent_p10': 2858.44, 'fair_rent_p90': 5704.69, 'delta_usd': -395.07, 'delta_pct': -0.0901, 'flag_overpriced': False, 'flag_reason': 'actual_rent_above_p90', 'top_shap_contributors': [{'feature': 'numeric__walk_score_x_transit_score', 'shap_contribution_log_rent': 0.11604716628789902}, {'feature': 'numeric__bedrooms_x_census_income', 'shap_contribution_log_rent': -0.07812461256980896}, {'feature': 'numeric__walk_score', 'shap_contribution_log_rent': -0.035064853727817535}, {'feature': 'numeric__census_renter_ratio', 'shap_contribution_log_rent': 0.023395510390400887}, {'feature': 'numeric__census_median_income', 'shap_contribution_log_rent': -0.015066955238580704}]}"
94123,2.0,,6580.0,5530.77,3954.85,7068.93,1049.23,0.1897,False,actual_rent_above_p90,in_band,-488.9300000000003,-2625.15,3114.0800000000004,"{'zip_code': '94123', 'bedrooms': 2.0, 'census_median_income': 211854.0, 'census_renter_ratio': 0.7153628652214892, 'census_vacancy_rate': 0.1424530208122853, 'crime_total_month_zip_log1p_latest': 4.700480365792417, 'zori_baseline': 4004.9833333333336, 'zhvi_level': 2219456.792680929, 'zhvi_12mo_delta': 168039.93856586446, 'redfin_mom_pct': 0.8, 'redfin_yoy_pct': 6.9, 'bedrooms_x_census_income': 423708.0, 'actual_rent_usd': 6580.0}","{'predicted_rent_usd': 5530.77, 'fair_rent_p10': 3954.85, 'fair_rent_p90': 7068.93, 'delta_usd': 1049.23, 'delta_pct': 0.1897, 'flag_overpriced': False, 'flag_reason': 'actual_rent_above_p90', 'top_shap_contributors': [{'feature': 'numeric__bedrooms_x_census_income', 'shap_contribution_log_rent': 0.17486710846424103}, {'feature': 'numeric__bedrooms', 'shap_contribution_log_rent': 0.07243581116199493}, {'feature': 'numeric__census_median_income', 'shap_contribution_log_rent': 0.03663469851016998}, {'feature': 'numeric__zhvi_12mo_delta', 'shap_contribution_log_rent': -0.03293965384364128}, {'feature': 'numeric__zori_baseline', 'shap_contribution_log_rent': -0.01957184448838234}]}"
94105,1.0,,4320.0,5757.93,4639.92,6880.18,-1437.93,-0.2497,False,actual_rent_above_p90,out_of_band_minor,-2560.1800000000003,319.9200000000001,2240.26,"{'zip_code': '94105', 'bedrooms': 1.0, 'census_median_income': 250001.0, 'census_renter_ratio': 0.6081932773109243, 'census_vacancy_rate': 0.1834459097244558, 'crime_total_month_zip_log1p_latest': 3.713572066704308, 'zori_baseline': 4693.540368967452, 'zhvi_level': 1050002.013901712, 'zhvi_12mo_delta': 4955.826649291324, 'redfin_mom_pct': 0.8, 'redfin_yoy_pct': 6.9, 'bedrooms_x_census_income': 250001.0, 'actual_rent_usd': 4320.0}","{'predicted_rent_usd': 5757.93, 'fair_rent_p10': 4639.92, 'fair_rent_p90': 6880.18, 'delta_usd': -1437.93, 'delta_pct': -0.2497, 'flag_overpriced': False, 'flag_reason': 'actual_rent_above_p90', 'top_shap_contributors': [{'feature': 'numeric__bedrooms_x_census_income', 'shap_contribution_log_rent': 0.141576886177063}, {'feature': 'numeric__zori_baseline', 'shap_contribution_log_rent': 0.05692606419324875}, {'feature': 'numeric__census_median_income', 'shap_contribution_log_rent': 0.03422365337610245}, {'feature': 'numeric__census_vacancy_rate', 'shap_contribution_log_rent': 0.01837250590324402}, {'feature': 'numeric__census_renter_ratio', 'shap_contribution_log_rent': 0.017895039170980453}]}"
94124,3.0,,4490.0,4694.44,3651.21,5633.32,-204.44,-0.0435,False,actual_rent_above_p90,in_band,-1143.3199999999997,-838.79,1982.1099999999997,"{'zip_code': '94124', 'bedrooms': 3.0, 'census_median_income': 76341.0, 'census_renter_ratio': 0.4956560680698612, 'census_vacancy_rate': 0.0650644783118405, 'crime_total_month_zip_log1p_latest': 5.905361848054571, 'zori_baseline': 3717.5, 'zhvi_level': 880032.5020248443, 'zhvi_12mo_delta': -11918.14063449984, 'redfin_mom_pct': 0.8, 'redfin_yoy_pct': 6.9, 'bedrooms_x_census_income': 229023.0, 'actual_rent_usd': 4490.0}","{'predicted_rent_usd': 4694.44, 'fair_rent_p10': 3651.21, 'fair_rent_p90': 5633.32, 'delta_usd': -204.44, 'delta_pct': -0.0435, 'flag_overpriced': False, 'flag_reason': 'actual_rent_above_p90', 'top_shap_contributors': [{'feature': 'numeric__bedrooms_x_census_income', 'shap_contribution_log_rent': 0.16230857372283936}, {'feature': 'numeric__census_renter_ratio', 'shap_contribution_log_rent': -0.11416615545749664}, {'feature': 'numeric__bedrooms', 'shap_contribution_log_rent': 0.09215128421783447}, {'feature': 'numeric__census_vacancy_rate', 'shap_contribution_log_rent': -0.020379040390253067}, {'feature': 'numeric__zori_baseline', 'shap_contribution_log_rent': -0.018107471987605095}]}"
94014,1.0,,2500.0,2983.23,2506.35,5658.17,-483.23,-0.162,False,actual_rent_above_p90,edge_case,-3158.17,6.349999999999909,3151.82,"{'zip_code': '94014', 'bedrooms': 1.0, 'walk_score': 99.0, 'transit_score': 100.0, 'redfin_mom_pct': 0.8, 'redfin_yoy_pct': 6.9, 'walk_score_x_transit_score': 9900.0, 'actual_rent_usd': 2500.0}","{'predicted_rent_usd': 2983.23, 'fair_rent_p10': 2506.35, 'fair_rent_p90': 5658.17, 'delta_usd': -483.23, 'delta_pct': -0.162, 'flag_overpriced': False, 'flag_reason': 'actual_rent_above_p90', 'top_shap_contributors': [{'feature': 'categorical__zip_code_94014', 'shap_contribution_log_rent': -0.17598214745521545}, {'feature': 'numeric__bedrooms_x_census_income', 'shap_contribution_log_rent': -0.09607407450675964}, {'feature': 'numeric__walk_score_x_transit_score', 'shap_contribution_log_rent': 0.051402729004621506}, {'feature': 'numeric__zhvi_level', 'shap_contribution_log_rent': -0.044622816145420074}, {'feature': 'numeric__census_median_income', 'shap_contribution_log_rent': -0.0374300517141819}]}"
94130,1.0,,2809.0,3296.75,2680.97,4914.24,-487.75,-0.1479,False,actual_rent_above_p90,in_band,-2105.24,-128.0300000000002,2233.27,"{'zip_code': '94130', 'bedrooms': 1.0, 'census_median_income': 96000.0, 'census_renter_ratio': 1.0, 'census_vacancy_rate': 0.067064083457526, 'redfin_mom_pct': 0.8, 'redfin_yoy_pct': 6.9, 'bedrooms_x_census_income': 96000.0, 'actual_rent_usd': 2809.0}","{'predicted_rent_usd': 3296.75, 'fair_rent_p10': 2680.97, 'fair_rent_p90': 4914.24, 'delta_usd': -487.75, 'delta_pct': -0.1479, 'flag_overpriced': False, 'flag_reason': 'actual_rent_above_p90', 'top_shap_contributors': [{'feature': 'numeric__bedrooms_x_census_income', 'shap_contribution_log_rent': -0.13736845552921295}, {'feature': 'numeric__census_median_income', 'shap_contribution_log_rent': -0.03568653762340546}, {'feature': 'categorical__zip_code_94130', 'shap_contribution_log_rent': -0.028454473242163658}, {'feature': 'numeric__census_vacancy_rate', 'shap_contribution_log_rent': -0.02576581761240959}, {'feature': 'numeric__zori_baseline', 'shap_contribution_log_rent': -0.018822887912392616}]}"
94108,1.0,,5190.0,5093.14,2749.21,6458.77,96.86,0.019,False,actual_rent_above_p90,in_band,-1268.7700000000004,-2440.79,3709.5600000000004,"{'zip_code': '94108', 'bedrooms': 1.0, 'census_median_income': 68768.0, 'census_renter_ratio': 0.8989665278420484, 'census_vacancy_rate': 0.1862683569725116, 'crime_total_month_zip_log1p_latest': 4.727387818712341, 'zori_baseline': 2956.6560846560847, 'zhvi_level': 962185.4045139696, 'zhvi_12mo_delta': 22449.222948607523, 'redfin_mom_pct': 0.8, 'redfin_yoy_pct': 6.9, 'bedrooms_x_census_income': 68768.0, 'actual_rent_usd': 5190.0}","{'predicted_rent_usd': 5093.14, 'fair_rent_p10': 2749.21, 'fair_rent_p90': 6458.77, 'delta_usd': 96.86, 'delta_pct': 0.019, 'flag_overpriced': False, 'flag_reason': 'actual_rent_above_p90', 'top_shap_contributors': [{'feature': 'numeric__bedrooms_x_census_income', 'shap_contribution_log_rent': -0.08705034106969833}, {'feature': 'categorical__zip_code_94108', 'shap_contribution_log_rent': 0.08152952790260315}, {'feature': 'numeric__census_vacancy_rate', 'shap_contribution_log_rent': 0.07043057680130005}, {'feature': 'numeric__crime_total_month_zip_log1p_latest', 'shap_contribution_log_rent': 0.03914867341518402}, {'feature': 'numeric__bedrooms', 'shap_contribution_log_rent': 0.030391875654459}]}"
94105,1.0,,7908.0,5757.93,4639.92,6880.18,2150.07,0.3734,True,actual_rent_above_p90,overpriced_clear,1027.8199999999997,-3268.08,2240.26,"{'zip_code': '94105', 'bedrooms': 1.0, 'census_median_income': 250001.0, 'census_renter_ratio': 0.6081932773109243, 'census_vacancy_rate': 0.1834459097244558, 'crime_total_month_zip_log1p_latest': 3.713572066704308, 'zori_baseline': 4693.540368967452, 'zhvi_level': 1050002.013901712, 'zhvi_12mo_delta': 4955.826649291324, 'redfin_mom_pct': 0.8, 'redfin_yoy_pct': 6.9, 'bedrooms_x_census_income': 250001.0, 'actual_rent_usd': 7908.0}","{'predicted_rent_usd': 5757.93, 'fair_rent_p10': 4639.92, 'fair_rent_p90': 6880.18, 'delta_usd': 2150.07, 'delta_pct': 0.3734, 'flag_overpriced': True, 'flag_reason': 'actual_rent_above_p90', 'top_shap_contributors': [{'feature': 'numeric__bedrooms_x_census_income', 'shap_contribution_log_rent': 0.141576886177063}, {'feature': 'numeric__zori_baseline', 'shap_contribution_log_rent': 0.05692606419324875}, {'feature': 'numeric__census_median_income', 'shap_contribution_log_rent': 0.03422365337610245}, {'feature': 'numeric__census_vacancy_rate', 'shap_contribution_log_rent': 0.01837250590324402}, {'feature': 'numeric__census_renter_ratio', 'shap_contribution_log_rent': 0.017895039170980453}]}"
94103,0.0,,4091.0,3328.86,2634.69,4181.43,762.14,0.229,False,actual_rent_above_p90,in_band,-90.43000000000029,-1456.31,1546.7400000000002,"{'zip_code': '94103', 'bedrooms': 0.0, 'census_median_income': 111028.0, 'census_renter_ratio': 0.7951424287856071, 'census_vacancy_rate': 0.1719634521799583, 'crime_total_month_zip_log1p_latest': 6.974478911025045, 'zori_baseline': 3828.7190260858865, 'zhvi_level': 770970.7852562036, 'zhvi_12mo_delta': -18158.012119787512, 'redfin_mom_pct': 0.8, 'redfin_yoy_pct': 6.9, 'bedrooms_x_census_income': 0.0, 'actual_rent_usd': 4091.0}","{'predicted_rent_usd': 3328.86, 'fair_rent_p10': 2634.69, 'fair_rent_p90': 4181.43, 'delta_usd': 762.14, 'delta_pct': 0.229, 'flag_overpriced': False, 'flag_reason': 'actual_rent_above_p90', 'top_shap_contributors': [{'feature': 'numeric__bedrooms_x_census_income', 'shap_contribution_log_rent': -0.16071033477783203}, {'feature': 'numeric__bedrooms', 'shap_contribution_log_rent': -0.08513537049293518}, {'feature': 'numeric__census_renter_ratio', 'shap_contribution_log_rent': 0.018246090039610863}, {'feature': 'numeric__walk_score_x_transit_score', 'shap_contribution_log_rent': -0.016252554953098297}, {'feature': 'numeric__zori_baseline', 'shap_contribution_log_rent': -0.014790091663599014}]}"
94130,0.0,,2368.0,2870.02,2333.37,4020.53,-502.02,-0.1749,False,actual_rent_above_p90,edge_case,-1652.5300000000002,-34.63000000000011,1687.1600000000003,"{'zip_code': '94130', 'bedrooms': 0.0, 'census_median_income': 96000.0, 'census_renter_ratio': 1.0, 'census_vacancy_rate': 0.067064083457526, 'redfin_mom_pct': 0.8, 'redfin_yoy_pct': 6.9, 'bedrooms_x_census_income': 0.0, 'actual_rent_usd': 2368.0}","{'predicted_rent_usd': 2870.02, 'fair_rent_p10': 2333.37, 'fair_rent_p90': 4020.53, 'delta_usd': -502.02, 'delta_pct': -0.1749, 'flag_overpriced': False, 'flag_reason': 'actual_rent_above_p90', 'top_shap_contributors': [{'feature': 'numeric__bedrooms_x_census_income', 'shap_contribution_log_rent': -0.164994478225708}, {'feature': 'numeric__bedrooms', 'shap_contribution_log_rent': -0.10050174593925476}, {'feature': 'numeric__census_median_income', 'shap_contribution_log_rent': -0.04318543151021004}, {'feature': 'categorical__zip_code_94130', 'shap_contribution_log_rent': -0.028454473242163658}, {'feature': 'numeric__census_vacancy_rate', 'shap_contribution_log_rent': -0.026057913899421692}]}"
